2026-07-21 16:27:02,539 
            GET
            URL:http://127.0.0.1:8000/api/products

            Status Code:
            200

            Response:
            [{"id":1,"name":"explicabo","price":1005,"stock":71,"created_at":"2026-06-29T15:44:33.000000Z","updated_at":"2026-06-29T15:44:33.000000Z"},{"id":2,"name":"et","price":4557,"stock":79,"created_at":"2026-06-29T15:44:33.000000Z","updated_at":"2026-06-29T15:44:33.000000Z"},{"id":3,"name":"quia","price":2629,"stock":72,"created_at":"2026-06-29T15:44:33.000000Z","updated_at":"2026-06-29T15:44:33.000000Z"},{"id":4,"name":"quo","price":2149,"stock":23,"created_at":"2026-06-29T15:44:33.000000Z","updated_at":"2026-06-29T15:44:33.000000Z"},{"id":5,"name":"est","price":725,"stock":100,"created_at":"2026-06-29T15:44:33.000000Z","updated_at":"2026-06-29T15:44:33.000000Z"},{"id":6,"name":"et","price":4176,"stock":14,"created_at":"2026-06-29T15:44:33.000000Z","updated_at":"2026-06-29T15:44:33.000000Z"},{"id":7,"name":"voluptatem","price":1532,"stock":11,"created_at":"2026-06-29T15:44:33.000000Z","updated_at":"2026-06-29T15:44:33.000000Z"},{"id":8,"name":"dolorum","price":519,"stock":28,"created_at":"2026-06-29T15:44:33.000000Z","updated_at":"2026-06-29T15:44:33.000000Z"},{"id":9,"name":"incidunt","price":2305,"stock":22,"created_at":"2026-06-29T15:44:33.000000Z","updated_at":"2026-06-29T15:44:33.000000Z"},{"id":10,"name":"assumenda","price":3336,"stock":10,"created_at":"2026-06-29T15:44:33.000000Z","updated_at":"2026-06-29T15:44:33.000000Z"},{"id":11,"name":"nemo","price":4804,"stock":8,"created_at":"2026-06-29T15:44:33.000000Z","updated_at":"2026-06-29T15:44:33.000000Z"},{"id":12,"name":"illo","price":2452,"stock":40,"created_at":"2026-06-29T15:44:33.000000Z","updated_at":"2026-06-29T15:44:33.000000Z"},{"id":13,"name":"odit","price":1627,"stock":36,"created_at":"2026-06-29T15:44:33.000000Z","updated_at":"2026-06-29T15:44:33.000000Z"},{"id":14,"name":"magnam","price":3733,"stock":77,"created_at":"2026-06-29T15:44:33.000000Z","updated_at":"2026-06-29T15:44:33.000000Z"},{"id":15,"name":"quas","price":1586,"stock":97,"created_at":"2026-06-29T15:44:33.000000Z","updated_at":"2026-06-29T15:44:33.000000Z"},{"id":16,"name":"ipsum","price":1725,"stock":70,"created_at":"2026-06-29T15:44:33.000000Z","updated_at":"2026-06-29T15:44:33.000000Z"},{"id":17,"name":"et","price":2995,"stock":96,"created_at":"2026-06-29T15:44:33.000000Z","updated_at":"2026-06-29T15:44:33.000000Z"},{"id":18,"name":"commodi","price":508,"stock":85,"created_at":"2026-06-29T15:44:33.000000Z","updated_at":"2026-06-29T15:44:33.000000Z"},{"id":19,"name":"error","price":618,"stock":38,"created_at":"2026-06-29T15:44:33.000000Z","updated_at":"2026-06-29T15:44:33.000000Z"},{"id":20,"name":"itaque","price":259,"stock":22,"created_at":"2026-06-29T15:44:33.000000Z","updated_at":"2026-06-29T15:44:33.000000Z"},{"id":21,"name":"beatae","price":1210,"stock":2,"created_at":"2026-06-29T15:44:33.000000Z","updated_at":"2026-06-29T15:44:33.000000Z"},{"id":22,"name":"voluptatem","price":229,"stock":22,"created_at":"2026-06-29T15:44:33.000000Z","updated_at":"2026-06-29T15:44:33.000000Z"},{"id":23,"name":"esse","price":2876,"stock":51,"created_at":"2026-06-29T15:44:33.000000Z","updated_at":"2026-06-29T15:44:33.000000Z"},{"id":24,"name":"in","price":2217,"stock":70,"created_at":"2026-06-29T15:44:33.000000Z","updated_at":"2026-06-29T15:44:33.000000Z"},{"id":25,"name":"tempora","price":4071,"stock":50,"created_at":"2026-06-29T15:44:33.000000Z","updated_at":"2026-06-29T15:44:33.000000Z"},{"id":26,"name":"nihil","price":3663,"stock":37,"created_at":"2026-06-29T15:44:33.000000Z","updated_at":"2026-06-29T15:44:33.000000Z"},{"id":27,"name":"odio","price":2678,"stock":45,"created_at":"2026-06-29T15:44:33.000000Z","updated_at":"2026-06-29T15:44:33.000000Z"},{"id":28,"name":"quos","price":3380,"stock":68,"created_at":"2026-06-29T15:44:33.000000Z","updated_at":"2026-06-29T15:44:33.000000Z"},{"id":29,"name":"fuga","price":2101,"stock":71,"created_at":"2026-06-29T15:44:33.000000Z","updated_at":"2026-06-29T15:44:33.000000Z"},{"id":30,"name":"sapiente","price":3496,"stock":27,"created_at":"2026-06-29T15:44:33.000000Z","updated_at":"2026-06-29T15:44:33.000000Z"},{"id":31,"name":"ut","price":2672,"stock":94,"created_at":"2026-06-29T15:44:33.000000Z","updated_at":"2026-06-29T15:44:33.000000Z"},{"id":32,"name":"rerum","price":1511,"stock":22,"created_at":"2026-06-29T15:44:33.000000Z","updated_at":"2026-06-29T15:44:33.000000Z"},{"id":33,"name":"corrupti","price":4503,"stock":35,"created_at":"2026-06-29T15:44:33.000000Z","updated_at":"2026-06-29T15:44:33.000000Z"},{"id":34,"name":"dignissimos","price":2874,"stock":49,"created_at":"2026-06-29T15:44:33.000000Z","updated_at":"2026-06-29T15:44:33.000000Z"},{"id":35,"name":"est","price":268,"stock":60,"created_at":"2026-06-29T15:44:33.000000Z","updated_at":"2026-06-29T15:44:33.000000Z"},{"id":36,"name":"aspernatur","price":1338,"stock":41,"created_at":"2026-06-29T15:44:33.000000Z","updated_at":"2026-06-29T15:44:33.000000Z"},{"id":37,"name":"adipisci","price":2372,"stock":58,"created_at":"2026-06-29T15:44:33.000000Z","updated_at":"2026-06-29T15:44:33.000000Z"},{"id":38,"name":"consequatur","price":4985,"stock":93,"created_at":"2026-06-29T15:44:33.000000Z","updated_at":"2026-06-29T15:44:33.000000Z"},{"id":39,"name":"omnis","price":3056,"stock":15,"created_at":"2026-06-29T15:44:33.000000Z","updated_at":"2026-06-29T15:44:33.000000Z"},{"id":40,"name":"omnis","price":952,"stock":80,"created_at":"2026-06-29T15:44:33.000000Z","updated_at":"2026-06-29T15:44:33.000000Z"},{"id":41,"name":"voluptate","price":4923,"stock":95,"created_at":"2026-06-29T15:44:33.000000Z","updated_at":"2026-06-29T15:44:33.000000Z"},{"id":42,"name":"laborum","price":626,"stock":51,"created_at":"2026-06-29T15:44:33.000000Z","updated_at":"2026-06-29T15:44:33.000000Z"},{"id":43,"name":"laboriosam","price":1126,"stock":37,"created_at":"2026-06-29T15:44:33.000000Z","updated_at":"2026-06-29T15:44:33.000000Z"},{"id":44,"name":"at","price":4642,"stock":38,"created_at":"2026-06-29T15:44:33.000000Z","updated_at":"2026-06-29T15:44:33.000000Z"},{"id":45,"name":"soluta","price":2054,"stock":61,"created_at":"2026-06-29T15:44:33.000000Z","updated_at":"2026-06-29T15:44:33.000000Z"},{"id":46,"name":"vel","price":4534,"stock":85,"created_at":"2026-06-29T15:44:33.000000Z","updated_at":"2026-06-29T15:44:33.000000Z"},{"id":47,"name":"veritatis","price":2382,"stock":66,"created_at":"2026-06-29T15:44:33.000000Z","updated_at":"2026-06-29T15:44:33.000000Z"},{"id":48,"name":"deleniti","price":2290,"stock":56,"created_at":"2026-06-29T15:44:33.000000Z","updated_at":"2026-06-29T15:44:33.000000Z"},{"id":49,"name":"earum","price":2267,"stock":79,"created_at":"2026-06-29T15:44:33.000000Z","updated_at":"2026-06-29T15:44:33.000000Z"},{"id":50,"name":"quisquam","price":801,"stock":45,"created_at":"2026-06-29T15:44:33.000000Z","updated_at":"2026-06-29T15:44:33.000000Z"},{"id":51,"name":"beatae","price":3439,"stock":98,"created_at":"2026-06-29T15:44:33.000000Z","updated_at":"2026-06-29T15:44:33.000000Z"},{"id":52,"name":"consequatur","price":928,"stock":48,"created_at":"2026-06-29T15:44:33.000000Z","updated_at":"2026-06-29T15:44:33.000000Z"},{"id":53,"name":"nam","price":4145,"stock":90,"created_at":"2026-06-29T15:44:33.000000Z","updated_at":"2026-06-29T15:44:33.000000Z"},{"id":54,"name":"dolorem","price":393,"stock":65,"created_at":"2026-06-29T15:44:33.000000Z","updated_at":"2026-06-29T15:44:33.000000Z"},{"id":55,"name":"illo","price":1635,"stock":83,"created_at":"2026-06-29T15:44:33.000000Z","updated_at":"2026-06-29T15:44:33.000000Z"},{"id":56,"name":"placeat","price":2861,"stock":71,"created_at":"2026-06-29T15:44:33.000000Z","updated_at":"2026-06-29T15:44:33.000000Z"},{"id":57,"name":"laudantium","price":3513,"stock":94,"created_at":"2026-06-29T15:44:33.000000Z","updated_at":"2026-06-29T15:44:33.000000Z"},{"id":58,"name":"eligendi","price":2687,"stock":39,"created_at":"2026-06-29T15:44:33.000000Z","updated_at":"2026-06-29T15:44:33.000000Z"},{"id":59,"name":"praesentium","price":3632,"stock":44,"created_at":"2026-06-29T15:44:33.000000Z","updated_at":"2026-06-29T15:44:33.000000Z"},{"id":60,"name":"consequatur","price":4080,"stock":55,"created_at":"2026-06-29T15:44:33.000000Z","updated_at":"2026-06-29T15:44:33.000000Z"},{"id":61,"name":"quas","price":3051,"stock":43,"created_at":"2026-06-29T15:44:33.000000Z","updated_at":"2026-06-29T15:44:33.000000Z"},{"id":62,"name":"officia","price":1668,"stock":41,"created_at":"2026-06-29T15:44:33.000000Z","updated_at":"2026-06-29T15:44:33.000000Z"},{"id":63,"name":"et","price":3486,"stock":53,"created_at":"2026-06-29T15:44:33.000000Z","updated_at":"2026-06-29T15:44:33.000000Z"},{"id":64,"name":"et","price":3648,"stock":57,"created_at":"2026-06-29T15:44:33.000000Z","updated_at":"2026-06-29T15:44:33.000000Z"},{"id":65,"name":"distinctio","price":1142,"stock":37,"created_at":"2026-06-29T15:44:33.000000Z","updated_at":"2026-06-29T15:44:33.000000Z"},{"id":66,"name":"itaque","price":4258,"stock":12,"created_at":"2026-06-29T15:44:33.000000Z","updated_at":"2026-06-29T15:44:33.000000Z"},{"id":67,"name":"labore","price":1122,"stock":8,"created_at":"2026-06-29T15:44:33.000000Z","updated_at":"2026-06-29T15:44:33.000000Z"},{"id":68,"name":"eum","price":2193,"stock":98,"created_at":"2026-06-29T15:44:33.000000Z","updated_at":"2026-06-29T15:44:33.000000Z"},{"id":69,"name":"sit","price":1152,"stock":29,"created_at":"2026-06-29T15:44:33.000000Z","updated_at":"2026-06-29T15:44:33.000000Z"},{"id":70,"name":"rem","price":425,"stock":91,"created_at":"2026-06-29T15:44:33.000000Z","updated_at":"2026-06-29T15:44:33.000000Z"},{"id":71,"name":"voluptatem","price":3822,"stock":21,"created_at":"2026-06-29T15:44:33.000000Z","updated_at":"2026-06-29T15:44:33.000000Z"},{"id":72,"name":"et","price":2460,"stock":19,"created_at":"2026-06-29T15:44:33.000000Z","updated_at":"2026-06-29T15:44:33.000000Z"},{"id":73,"name":"dolorum","price":824,"stock":7,"created_at":"2026-06-29T15:44:33.000000Z","updated_at":"2026-06-29T15:44:33.000000Z"},{"id":74,"name":"aspernatur","price":3033,"stock":32,"created_at":"2026-06-29T15:44:33.000000Z","updated_at":"2026-06-29T15:44:33.000000Z"},{"id":75,"name":"consectetur","price":4123,"stock":54,"created_at":"2026-06-29T15:44:33.000000Z","updated_at":"2026-06-29T15:44:33.000000Z"},{"id":76,"name":"cupiditate","price":1747,"stock":17,"created_at":"2026-06-29T15:44:33.000000Z","updated_at":"2026-06-29T15:44:33.000000Z"},{"id":77,"name":"molestias","price":2269,"stock":63,"created_at":"2026-06-29T15:44:33.000000Z","updated_at":"2026-06-29T15:44:33.000000Z"},{"id":78,"name":"quasi","price":4312,"stock":62,"created_at":"2026-06-29T15:44:33.000000Z","updated_at":"2026-06-29T15:44:33.000000Z"},{"id":79,"name":"quia","price":810,"stock":49,"created_at":"2026-06-29T15:44:33.000000Z","updated_at":"2026-06-29T15:44:33.000000Z"},{"id":80,"name":"et","price":1838,"stock":66,"created_at":"2026-06-29T15:44:33.000000Z","updated_at":"2026-06-29T15:44:33.000000Z"},{"id":81,"name":"earum","price":1893,"stock":75,"created_at":"2026-06-29T15:44:33.000000Z","updated_at":"2026-06-29T15:44:33.000000Z"},{"id":82,"name":"soluta","price":2928,"stock":81,"created_at":"2026-06-29T15:44:33.000000Z","updated_at":"2026-06-29T15:44:33.000000Z"},{"id":83,"name":"numquam","price":4746,"stock":60,"created_at":"2026-06-29T15:44:33.000000Z","updated_at":"2026-06-29T15:44:33.000000Z"},{"id":84,"name":"distinctio","price":4187,"stock":88,"created_at":"2026-06-29T15:44:33.000000Z","updated_at":"2026-06-29T15:44:33.000000Z"},{"id":85,"name":"ut","price":754,"stock":61,"created_at":"2026-06-29T15:44:33.000000Z","updated_at":"2026-06-29T15:44:33.000000Z"},{"id":86,"name":"culpa","price":2230,"stock":87,"created_at":"2026-06-29T15:44:33.000000Z","updated_at":"2026-06-29T15:44:33.000000Z"},{"id":87,"name":"nostrum","price":4847,"stock":93,"created_at":"2026-06-29T15:44:33.000000Z","updated_at":"2026-06-29T15:44:33.000000Z"},{"id":88,"name":"reprehenderit","price":3968,"stock":94,"created_at":"2026-06-29T15:44:33.000000Z","updated_at":"2026-06-29T15:44:33.000000Z"},{"id":89,"name":"voluptatem","price":2120,"stock":28,"created_at":"2026-06-29T15:44:33.000000Z","updated_at":"2026-06-29T15:44:33.000000Z"},{"id":90,"name":"accusantium","price":2027,"stock":5,"created_at":"2026-06-29T15:44:33.000000Z","updated_at":"2026-06-29T15:44:33.000000Z"},{"id":91,"name":"illo","price":2267,"stock":36,"created_at":"2026-06-29T15:44:33.000000Z","updated_at":"2026-06-29T15:44:33.000000Z"},{"id":92,"name":"possimus","price":4237,"stock":70,"created_at":"2026-06-29T15:44:33.000000Z","updated_at":"2026-06-29T15:44:33.000000Z"},{"id":93,"name":"quas","price":903,"stock":43,"created_at":"2026-06-29T15:44:33.000000Z","updated_at":"2026-06-29T15:44:33.000000Z"},{"id":94,"name":"consectetur","price":1997,"stock":12,"created_at":"2026-06-29T15:44:33.000000Z","updated_at":"2026-06-29T15:44:33.000000Z"},{"id":95,"name":"beatae","price":456,"stock":81,"created_at":"2026-06-29T15:44:33.000000Z","updated_at":"2026-06-29T15:44:33.000000Z"},{"id":96,"name":"maiores","price":4518,"stock":51,"created_at":"2026-06-29T15:44:33.000000Z","updated_at":"2026-06-29T15:44:33.000000Z"},{"id":97,"name":"autem","price":1989,"stock":87,"created_at":"2026-06-29T15:44:33.000000Z","updated_at":"2026-06-29T15:44:33.000000Z"},{"id":98,"name":"aliquid","price":3115,"stock":82,"created_at":"2026-06-29T15:44:33.000000Z","updated_at":"2026-06-29T15:44:33.000000Z"},{"id":99,"name":"eligendi","price":1867,"stock":80,"created_at":"2026-06-29T15:44:33.000000Z","updated_at":"2026-06-29T15:44:33.000000Z"},{"id":100,"name":"voluptatem","price":3205,"stock":83,"created_at":"2026-06-29T15:44:33.000000Z","updated_at":"2026-06-29T15:44:33.000000Z"},{"id":103,"name":"debby","price":9999,"stock":0,"created_at":"2026-07-08T08:22:23.000000Z","updated_at":"2026-07-08T08:22:23.000000Z"},{"id":104,"name":"MacBook Pro","price":65000,"stock":20,"created_at":"2026-07-09T05:07:50.000000Z","updated_at":"2026-07-09T05:07:50.000000Z"},{"id":105,"name":"MacBook Pro","price":65000,"stock":20,"created_at":"2026-07-09T05:13:02.000000Z","updated_at":"2026-07-09T05:13:02.000000Z"},{"id":107,"name":"MacBook Pro","price":65000,"stock":20,"created_at":"2026-07-09T07:50:17.000000Z","updated_at":"2026-07-09T07:50:17.000000Z"},{"id":113,"name":"iPhone 18","price":39999,"stock":22,"created_at":"2026-07-10T08:37:18.000000Z","updated_at":"2026-07-10T08:37:18.000000Z"},{"id":114,"name":"iPhone 18","price":39999,"stock":22,"created_at":"2026-07-10T09:43:14.000000Z","updated_at":"2026-07-10T09:43:14.000000Z"},{"id":115,"name":"Pixel 10","price":32000,"stock":30,"created_at":"2026-07-10T09:43:14.000000Z","updated_at":"2026-07-10T09:43:14.000000Z"},{"id":116,"name":"iPhone 18","price":39999,"stock":22,"created_at":"2026-07-10T09:43:44.000000Z","updated_at":"2026-07-10T09:43:44.000000Z"},{"id":117,"name":"Pixel 10","price":32000,"stock":30,"created_at":"2026-07-10T09:43:45.000000Z","updated_at":"2026-07-10T09:43:45.000000Z"},{"id":118,"name":"iPhone 18","price":39999,"stock":22,"created_at":"2026-07-10T09:47:01.000000Z","updated_at":"2026-07-10T09:47:01.000000Z"},{"id":119,"name":"Pixel 10","price":32000,"stock":30,"created_at":"2026-07-10T09:47:02.000000Z","updated_at":"2026-07-10T09:47:02.000000Z"},{"id":120,"name":"iPhone 18","price":39999,"stock":22,"created_at":"2026-07-10T09:50:47.000000Z","updated_at":"2026-07-10T09:50:47.000000Z"},{"id":121,"name":"Pixel 10","price":32000,"stock":30,"created_at":"2026-07-10T09:50:48.000000Z","updated_at":"2026-07-10T09:50:48.000000Z"},{"id":122,"name":"iPhone 18","price":39999,"stock":22,"created_at":"2026-07-10T09:56:02.000000Z","updated_at":"2026-07-10T09:56:02.000000Z"},{"id":123,"name":"Pixel 10","price":32000,"stock":30,"created_at":"2026-07-10T09:56:02.000000Z","updated_at":"2026-07-10T09:56:02.000000Z"},{"id":124,"name":"iPhone 18","price":39999,"stock":22,"created_at":"2026-07-10T09:57:03.000000Z","updated_at":"2026-07-10T09:57:03.000000Z"},{"id":125,"name":"Pixel 10","price":32000,"stock":30,"created_at":"2026-07-10T09:57:04.000000Z","updated_at":"2026-07-10T09:57:04.000000Z"},{"id":126,"name":"iPhone 18","price":39999,"stock":22,"created_at":"2026-07-10T09:58:14.000000Z","updated_at":"2026-07-10T09:58:14.000000Z"},{"id":127,"name":"Pixel 10","price":32000,"stock":30,"created_at":"2026-07-10T09:58:14.000000Z","updated_at":"2026-07-10T09:58:14.000000Z"},{"id":128,"name":"iPhone 18","price":39999,"stock":22,"created_at":"2026-07-10T09:59:12.000000Z","updated_at":"2026-07-10T09:59:12.000000Z"},{"id":129,"name":"Pixel 10","price":32000,"stock":30,"created_at":"2026-07-10T09:59:13.000000Z","updated_at":"2026-07-10T09:59:13.000000Z"},{"id":130,"name":"iPhone 18","price":39999,"stock":22,"created_at":"2026-07-10T09:59:58.000000Z","updated_at":"2026-07-10T09:59:58.000000Z"},{"id":131,"name":"Pixel 10","price":32000,"stock":30,"created_at":"2026-07-10T09:59:59.000000Z","updated_at":"2026-07-10T09:59:59.000000Z"},{"id":132,"name":"iPhone 18","price":39999,"stock":22,"created_at":"2026-07-13T09:38:23.000000Z","updated_at":"2026-07-13T09:38:23.000000Z"},{"id":133,"name":"Pixel 10","price":32000,"stock":30,"created_at":"2026-07-13T09:38:24.000000Z","updated_at":"2026-07-13T09:38:24.000000Z"},{"id":134,"name":"Pixel 10 Pro","price":38000,"stock":40,"created_at":"2026-07-13T09:38:25.000000Z","updated_at":"2026-07-13T09:38:26.000000Z"},{"id":136,"name":"Pixel_1784111898","price":32000,"stock":30,"created_at":"2026-07-15T10:38:18.000000Z","updated_at":"2026-07-15T10:38:18.000000Z"},{"id":137,"name":"Pixel_1784111898","price":32000,"stock":30,"created_at":"2026-07-15T10:38:19.000000Z","updated_at":"2026-07-15T10:38:19.000000Z"},{"id":138,"name":"Pixel_1784111899","price":38000,"stock":40,"created_at":"2026-07-15T10:38:19.000000Z","updated_at":"2026-07-15T10:38:19.000000Z"},{"id":140,"name":"Pixel_1784112563","price":32000,"stock":30,"created_at":"2026-07-15T10:49:23.000000Z","updated_at":"2026-07-15T10:49:23.000000Z"},{"id":141,"name":"Pixel_1784112563","price":32000,"stock":30,"created_at":"2026-07-15T10:49:23.000000Z","updated_at":"2026-07-15T10:49:23.000000Z"},{"id":142,"name":"Pixel_1784112564","price":38000,"stock":40,"created_at":"2026-07-15T10:49:24.000000Z","updated_at":"2026-07-15T10:49:24.000000Z"},{"id":144,"name":"Pixel_3e77f7b2","price":32000,"stock":30,"created_at":"2026-07-16T06:58:47.000000Z","updated_at":"2026-07-16T06:58:47.000000Z"},{"id":145,"name":"Pixel_fa7ea964","price":32000,"stock":30,"created_at":"2026-07-16T06:58:48.000000Z","updated_at":"2026-07-16T06:58:48.000000Z"},{"id":146,"name":"Pixel_a00ee6c6","price":38000,"stock":40,"created_at":"2026-07-16T06:58:49.000000Z","updated_at":"2026-07-16T06:58:49.000000Z"},{"id":148,"name":"Pixel_fe94c9a7","price":32000,"stock":30,"created_at":"2026-07-16T07:07:59.000000Z","updated_at":"2026-07-16T07:07:59.000000Z"},{"id":149,"name":"Pixel_1e4bdf6d","price":32000,"stock":30,"created_at":"2026-07-16T07:07:59.000000Z","updated_at":"2026-07-16T07:07:59.000000Z"},{"id":150,"name":"Pixel_b6d42ddc","price":38000,"stock":40,"created_at":"2026-07-16T07:07:59.000000Z","updated_at":"2026-07-16T07:08:00.000000Z"},{"id":152,"name":"Pixel_0951f9d5","price":32000,"stock":30,"created_at":"2026-07-16T07:10:43.000000Z","updated_at":"2026-07-16T07:10:43.000000Z"},{"id":153,"name":"Pixel_8f9c9353","price":32000,"stock":30,"created_at":"2026-07-16T07:10:43.000000Z","updated_at":"2026-07-16T07:10:43.000000Z"},{"id":154,"name":"Pixel_e3066c8f","price":38000,"stock":40,"created_at":"2026-07-16T07:10:44.000000Z","updated_at":"2026-07-16T07:10:44.000000Z"},{"id":156,"name":"Pixel_d8c53863","price":32000,"stock":30,"created_at":"2026-07-16T07:15:44.000000Z","updated_at":"2026-07-16T07:15:44.000000Z"},{"id":157,"name":"Pixel_c0cd3876","price":32000,"stock":30,"created_at":"2026-07-16T07:15:45.000000Z","updated_at":"2026-07-16T07:15:45.000000Z"},{"id":158,"name":"Pixel_53a0dc3e","price":38000,"stock":40,"created_at":"2026-07-16T07:15:45.000000Z","updated_at":"2026-07-16T07:15:45.000000Z"},{"id":160,"name":"Pixel_521f0463","price":32000,"stock":30,"created_at":"2026-07-16T07:24:25.000000Z","updated_at":"2026-07-16T07:24:25.000000Z"},{"id":161,"name":"Pixel_70e5703b","price":32000,"stock":30,"created_at":"2026-07-16T07:24:26.000000Z","updated_at":"2026-07-16T07:24:26.000000Z"},{"id":162,"name":"Pixel_9ad7031a","price":38000,"stock":40,"created_at":"2026-07-16T07:24:27.000000Z","updated_at":"2026-07-16T07:24:27.000000Z"},{"id":164,"name":"Pixel_Pixel_7531507e","price":32000,"stock":40,"created_at":"2026-07-16T07:24:29.000000Z","updated_at":"2026-07-16T07:24:29.000000Z"},{"id":165,"name":"iPhone_Pixel_9bfa0a89","price":45000,"stock":30,"created_at":"2026-07-16T07:24:29.000000Z","updated_at":"2026-07-16T07:24:29.000000Z"},{"id":166,"name":"Galaxy_Pixel_6aaceb1e","price":28000,"stock":35,"created_at":"2026-07-16T07:24:30.000000Z","updated_at":"2026-07-16T07:24:30.000000Z"},{"id":167,"name":"Pixel_af12fab7","price":32000,"stock":30,"created_at":"2026-07-16T07:27:14.000000Z","updated_at":"2026-07-16T07:27:14.000000Z"},{"id":168,"name":"Pixel_086c52c1","price":32000,"stock":30,"created_at":"2026-07-16T07:27:14.000000Z","updated_at":"2026-07-16T07:27:14.000000Z"},{"id":169,"name":"Pixel_16609355","price":38000,"stock":40,"created_at":"2026-07-16T07:27:15.000000Z","updated_at":"2026-07-16T07:27:15.000000Z"},{"id":171,"name":"Pixel_Pixel_244223ad","price":32000,"stock":40,"created_at":"2026-07-16T07:27:17.000000Z","updated_at":"2026-07-16T07:27:17.000000Z"},{"id":172,"name":"iPhone_Pixel_143c3f7e","price":45000,"stock":30,"created_at":"2026-07-16T07:27:17.000000Z","updated_at":"2026-07-16T07:27:17.000000Z"},{"id":173,"name":"Galaxy_Pixel_e255952f","price":28000,"stock":35,"created_at":"2026-07-16T07:27:18.000000Z","updated_at":"2026-07-16T07:27:18.000000Z"},{"id":174,"name":"Pixel_1bd73e68","price":32000,"stock":30,"created_at":"2026-07-17T02:01:04.000000Z","updated_at":"2026-07-17T02:01:04.000000Z"},{"id":175,"name":"Pixel_100609e9","price":32000,"stock":30,"created_at":"2026-07-17T02:01:05.000000Z","updated_at":"2026-07-17T02:01:05.000000Z"},{"id":176,"name":"Pixel_b80718eb","price":38000,"stock":40,"created_at":"2026-07-17T02:01:06.000000Z","updated_at":"2026-07-17T02:01:07.000000Z"},{"id":178,"name":"Pixel_da2dbbfe","price":32000,"stock":30,"created_at":"2026-07-17T02:12:51.000000Z","updated_at":"2026-07-17T02:12:51.000000Z"},{"id":179,"name":"Pixel_7610e3ac","price":32000,"stock":30,"created_at":"2026-07-17T02:12:51.000000Z","updated_at":"2026-07-17T02:12:51.000000Z"},{"id":180,"name":"Pixel_2058d6fa","price":38000,"stock":40,"created_at":"2026-07-17T02:12:52.000000Z","updated_at":"2026-07-17T02:12:52.000000Z"},{"id":182,"name":"Pixel_7353ea32","price":32000,"stock":30,"created_at":"2026-07-17T02:13:03.000000Z","updated_at":"2026-07-17T02:13:03.000000Z"},{"id":183,"name":"Pixel_9ab9fa5b","price":32000,"stock":30,"created_at":"2026-07-17T02:13:03.000000Z","updated_at":"2026-07-17T02:13:03.000000Z"},{"id":184,"name":"Pixel_c331f61f","price":38000,"stock":40,"created_at":"2026-07-17T02:13:04.000000Z","updated_at":"2026-07-17T02:13:04.000000Z"},{"id":186,"name":"Pixel_b2283669","price":32000,"stock":30,"created_at":"2026-07-20T10:14:48.000000Z","updated_at":"2026-07-20T10:14:48.000000Z"},{"id":187,"name":"Pixel_04493fdc","price":32000,"stock":30,"created_at":"2026-07-20T10:14:49.000000Z","updated_at":"2026-07-20T10:14:49.000000Z"},{"id":188,"name":"Pixel_91171ecb","price":38000,"stock":40,"created_at":"2026-07-20T10:14:50.000000Z","updated_at":"2026-07-20T10:14:51.000000Z"},{"id":190,"name":"Pixel_58fe389b","price":32000,"stock":30,"created_at":"2026-07-20T10:19:31.000000Z","updated_at":"2026-07-20T10:19:31.000000Z"},{"id":191,"name":"Pixel_40dcf417","price":32000,"stock":30,"created_at":"2026-07-20T10:19:32.000000Z","updated_at":"2026-07-20T10:19:32.000000Z"},{"id":192,"name":"Pixel_b7b9bbaa","price":38000,"stock":40,"created_at":"2026-07-20T10:19:32.000000Z","updated_at":"2026-07-20T10:19:33.000000Z"}]
            ========================================
            
2026-07-21 16:27:03,421 
            POST
            URL:http://127.0.0.1:8000/api/products

            Request:
            {'name': 'Pixel_9b640bd5', 'price': 32000, 'stock': 30}

            Status Code:
            201

            Response:
            {"name":"Pixel_9b640bd5","price":32000,"stock":30,"updated_at":"2026-07-21T08:27:02.000000Z","created_at":"2026-07-21T08:27:02.000000Z","id":194}
            ========================================
            
2026-07-21 16:27:03,750 
            POST
            URL:http://127.0.0.1:8000/api/products

            Request:
            {'name': 'Pixel_8d9faa53', 'price': 32000, 'stock': 30}

            Status Code:
            201

            Response:
            {"name":"Pixel_8d9faa53","price":32000,"stock":30,"updated_at":"2026-07-21T08:27:03.000000Z","created_at":"2026-07-21T08:27:03.000000Z","id":195}
            ========================================
            
2026-07-21 16:27:04,003 
            GET
            URL:http://127.0.0.1:8000/api/products/195

            Status Code:
            200

            Response:
            {"id":195,"name":"Pixel_8d9faa53","price":32000,"stock":30,"created_at":"2026-07-21T08:27:03.000000Z","updated_at":"2026-07-21T08:27:03.000000Z"}
            ========================================
            
2026-07-21 16:27:04,276 
            POST
            URL:http://127.0.0.1:8000/api/products

            Request:
            {'name': 'Pixel_b39d2ce2', 'price': 32000, 'stock': 30}

            Status Code:
            201

            Response:
            {"name":"Pixel_b39d2ce2","price":32000,"stock":30,"updated_at":"2026-07-21T08:27:04.000000Z","created_at":"2026-07-21T08:27:04.000000Z","id":196}
            ========================================
            
2026-07-21 16:27:04,553 
            PUT
            URL:http://127.0.0.1:8000/api/products/196

            Request:
            {'name': 'Pixel_21a0ea1b', 'price': 38000, 'stock': 40}

            Status Code:
            200

            Response:
            {"id":196,"name":"Pixel_21a0ea1b","price":38000,"stock":40,"created_at":"2026-07-21T08:27:04.000000Z","updated_at":"2026-07-21T08:27:04.000000Z"}
            ========================================
            
2026-07-21 16:27:04,839 
            GET
            URL:http://127.0.0.1:8000/api/products/196

            Status Code:
            200

            Response:
            {"id":196,"name":"Pixel_21a0ea1b","price":38000,"stock":40,"created_at":"2026-07-21T08:27:04.000000Z","updated_at":"2026-07-21T08:27:04.000000Z"}
            ========================================
            
2026-07-21 16:27:05,072 
            POST
            URL:http://127.0.0.1:8000/api/products

            Request:
            {'name': 'Pixel_6c4ab7dc', 'price': 32000, 'stock': 30}

            Status Code:
            201

            Response:
            {"name":"Pixel_6c4ab7dc","price":32000,"stock":30,"updated_at":"2026-07-21T08:27:05.000000Z","created_at":"2026-07-21T08:27:05.000000Z","id":197}
            ========================================
            
2026-07-21 16:27:05,275 
            DELETE
            URL:http://127.0.0.1:8000/api/products/197

            Status Code:
            204

            Response:
            
            ========================================
            
2026-07-21 16:27:05,640 
            GET
            URL:http://127.0.0.1:8000/api/products/197

            Status Code:
            404

            Response:
            {
    "message": "No query results for model [App\\Models\\Product] 197",
    "exception": "Symfony\\Component\\HttpKernel\\Exception\\NotFoundHttpException",
    "file": "C:\\laragon\\www\\practice\\vendor\\laravel\\framework\\src\\Illuminate\\Foundation\\Exceptions\\Handler.php",
    "line": 768,
    "trace": [
        {
            "file": "C:\\laragon\\www\\practice\\vendor\\laravel\\framework\\src\\Illuminate\\Foundation\\Exceptions\\Handler.php",
            "line": 716,
            "function": "prepareException",
            "class": "Illuminate\\Foundation\\Exceptions\\Handler",
            "type": "->"
        },
        {
            "file": "C:\\laragon\\www\\practice\\vendor\\laravel\\framework\\src\\Illuminate\\Routing\\Pipeline.php",
            "line": 51,
            "function": "render",
            "class": "Illuminate\\Foundation\\Exceptions\\Handler",
            "type": "->"
        },
        {
            "file": "C:\\laragon\\www\\practice\\vendor\\laravel\\framework\\src\\Illuminate\\Pipeline\\Pipeline.php",
            "line": 224,
            "function": "handleException",
            "class": "Illuminate\\Routing\\Pipeline",
            "type": "->"
        },
        {
            "file": "C:\\laragon\\www\\practice\\vendor\\laravel\\framework\\src\\Illuminate\\Pipeline\\Pipeline.php",
            "line": 137,
            "function": "Illuminate\\Pipeline\\{closure}",
            "class": "Illuminate\\Pipeline\\Pipeline",
            "type": "->"
        },
        {
            "file": "C:\\laragon\\www\\practice\\vendor\\laravel\\framework\\src\\Illuminate\\Routing\\Router.php",
            "line": 821,
            "function": "then",
            "class": "Illuminate\\Pipeline\\Pipeline",
            "type": "->"
        },
        {
            "file": "C:\\laragon\\www\\practice\\vendor\\laravel\\framework\\src\\Illuminate\\Routing\\Router.php",
            "line": 800,
            "function": "runRouteWithinStack",
            "class": "Illuminate\\Routing\\Router",
            "type": "->"
        },
        {
            "file": "C:\\laragon\\www\\practice\\vendor\\laravel\\framework\\src\\Illuminate\\Routing\\Router.php",
            "line": 764,
            "function": "runRoute",
            "class": "Illuminate\\Routing\\Router",
            "type": "->"
        },
        {
            "file": "C:\\laragon\\www\\practice\\vendor\\laravel\\framework\\src\\Illuminate\\Routing\\Router.php",
            "line": 753,
            "function": "dispatchToRoute",
            "class": "Illuminate\\Routing\\Router",
            "type": "->"
        },
        {
            "file": "C:\\laragon\\www\\practice\\vendor\\laravel\\framework\\src\\Illuminate\\Foundation\\Http\\Kernel.php",
            "line": 200,
            "function": "dispatch",
            "class": "Illuminate\\Routing\\Router",
            "type": "->"
        },
        {
            "file": "C:\\laragon\\www\\practice\\vendor\\laravel\\framework\\src\\Illuminate\\Pipeline\\Pipeline.php",
            "line": 180,
            "function": "Illuminate\\Foundation\\Http\\{closure}",
            "class": "Illuminate\\Foundation\\Http\\Kernel",
            "type": "->"
        },
        {
            "file": "C:\\laragon\\www\\practice\\vendor\\laravel\\framework\\src\\Illuminate\\Foundation\\Http\\Middleware\\TransformsRequest.php",
            "line": 21,
            "function": "Illuminate\\Pipeline\\{closure}",
            "class": "Illuminate\\Pipeline\\Pipeline",
            "type": "->"
        },
        {
            "file": "C:\\laragon\\www\\practice\\vendor\\laravel\\framework\\src\\Illuminate\\Foundation\\Http\\Middleware\\ConvertEmptyStringsToNull.php",
            "line": 31,
            "function": "handle",
            "class": "Illuminate\\Foundation\\Http\\Middleware\\TransformsRequest",
            "type": "->"
        },
        {
            "file": "C:\\laragon\\www\\practice\\vendor\\laravel\\framework\\src\\Illuminate\\Pipeline\\Pipeline.php",
            "line": 219,
            "function": "handle",
            "class": "Illuminate\\Foundation\\Http\\Middleware\\ConvertEmptyStringsToNull",
            "type": "->"
        },
        {
            "file": "C:\\laragon\\www\\practice\\vendor\\laravel\\framework\\src\\Illuminate\\Foundation\\Http\\Middleware\\TransformsRequest.php",
            "line": 21,
            "function": "Illuminate\\Pipeline\\{closure}",
            "class": "Illuminate\\Pipeline\\Pipeline",
            "type": "->"
        },
        {
            "file": "C:\\laragon\\www\\practice\\vendor\\laravel\\framework\\src\\Illuminate\\Foundation\\Http\\Middleware\\TrimStrings.php",
            "line": 51,
            "function": "handle",
            "class": "Illuminate\\Foundation\\Http\\Middleware\\TransformsRequest",
            "type": "->"
        },
        {
            "file": "C:\\laragon\\www\\practice\\vendor\\laravel\\framework\\src\\Illuminate\\Pipeline\\Pipeline.php",
            "line": 219,
            "function": "handle",
            "class": "Illuminate\\Foundation\\Http\\Middleware\\TrimStrings",
            "type": "->"
        },
        {
            "file": "C:\\laragon\\www\\practice\\vendor\\laravel\\framework\\src\\Illuminate\\Http\\Middleware\\ValidatePostSize.php",
            "line": 27,
            "function": "Illuminate\\Pipeline\\{closure}",
            "class": "Illuminate\\Pipeline\\Pipeline",
            "type": "->"
        },
        {
            "file": "C:\\laragon\\www\\practice\\vendor\\laravel\\framework\\src\\Illuminate\\Pipeline\\Pipeline.php",
            "line": 219,
            "function": "handle",
            "class": "Illuminate\\Http\\Middleware\\ValidatePostSize",
            "type": "->"
        },
        {
            "file": "C:\\laragon\\www\\practice\\vendor\\laravel\\framework\\src\\Illuminate\\Foundation\\Http\\Middleware\\PreventRequestsDuringMaintenance.php",
            "line": 109,
            "function": "Illuminate\\Pipeline\\{closure}",
            "class": "Illuminate\\Pipeline\\Pipeline",
            "type": "->"
        },
        {
            "file": "C:\\laragon\\www\\practice\\vendor\\laravel\\framework\\src\\Illuminate\\Pipeline\\Pipeline.php",
            "line": 219,
            "function": "handle",
            "class": "Illuminate\\Foundation\\Http\\Middleware\\PreventRequestsDuringMaintenance",
            "type": "->"
        },
        {
            "file": "C:\\laragon\\www\\practice\\vendor\\laravel\\framework\\src\\Illuminate\\Http\\Middleware\\HandleCors.php",
            "line": 74,
            "function": "Illuminate\\Pipeline\\{closure}",
            "class": "Illuminate\\Pipeline\\Pipeline",
            "type": "->"
        },
        {
            "file": "C:\\laragon\\www\\practice\\vendor\\laravel\\framework\\src\\Illuminate\\Pipeline\\Pipeline.php",
            "line": 219,
            "function": "handle",
            "class": "Illuminate\\Http\\Middleware\\HandleCors",
            "type": "->"
        },
        {
            "file": "C:\\laragon\\www\\practice\\vendor\\laravel\\framework\\src\\Illuminate\\Http\\Middleware\\TrustProxies.php",
            "line": 58,
            "function": "Illuminate\\Pipeline\\{closure}",
            "class": "Illuminate\\Pipeline\\Pipeline",
            "type": "->"
        },
        {
            "file": "C:\\laragon\\www\\practice\\vendor\\laravel\\framework\\src\\Illuminate\\Pipeline\\Pipeline.php",
            "line": 219,
            "function": "handle",
            "class": "Illuminate\\Http\\Middleware\\TrustProxies",
            "type": "->"
        },
        {
            "file": "C:\\laragon\\www\\practice\\vendor\\laravel\\framework\\src\\Illuminate\\Foundation\\Http\\Middleware\\InvokeDeferredCallbacks.php",
            "line": 22,
            "function": "Illuminate\\Pipeline\\{closure}",
            "class": "Illuminate\\Pipeline\\Pipeline",
            "type": "->"
        },
        {
            "file": "C:\\laragon\\www\\practice\\vendor\\laravel\\framework\\src\\Illuminate\\Pipeline\\Pipeline.php",
            "line": 219,
            "function": "handle",
            "class": "Illuminate\\Foundation\\Http\\Middleware\\InvokeDeferredCallbacks",
            "type": "->"
        },
        {
            "file": "C:\\laragon\\www\\practice\\vendor\\laravel\\framework\\src\\Illuminate\\Http\\Middleware\\ValidatePathEncoding.php",
            "line": 28,
            "function": "Illuminate\\Pipeline\\{closure}",
            "class": "Illuminate\\Pipeline\\Pipeline",
            "type": "->"
        },
        {
            "file": "C:\\laragon\\www\\practice\\vendor\\laravel\\framework\\src\\Illuminate\\Pipeline\\Pipeline.php",
            "line": 219,
            "function": "handle",
            "class": "Illuminate\\Http\\Middleware\\ValidatePathEncoding",
            "type": "->"
        },
        {
            "file": "C:\\laragon\\www\\practice\\vendor\\laravel\\framework\\src\\Illuminate\\Pipeline\\Pipeline.php",
            "line": 137,
            "function": "Illuminate\\Pipeline\\{closure}",
            "class": "Illuminate\\Pipeline\\Pipeline",
            "type": "->"
        },
        {
            "file": "C:\\laragon\\www\\practice\\vendor\\laravel\\framework\\src\\Illuminate\\Foundation\\Http\\Kernel.php",
            "line": 175,
            "function": "then",
            "class": "Illuminate\\Pipeline\\Pipeline",
            "type": "->"
        },
        {
            "file": "C:\\laragon\\www\\practice\\vendor\\laravel\\framework\\src\\Illuminate\\Foundation\\Http\\Kernel.php",
            "line": 144,
            "function": "sendRequestThroughRouter",
            "class": "Illuminate\\Foundation\\Http\\Kernel",
            "type": "->"
        },
        {
            "file": "C:\\laragon\\www\\practice\\vendor\\laravel\\framework\\src\\Illuminate\\Foundation\\Application.php",
            "line": 1220,
            "function": "handle",
            "class": "Illuminate\\Foundation\\Http\\Kernel",
            "type": "->"
        },
        {
            "file": "C:\\laragon\\www\\practice\\public\\index.php",
            "line": 20,
            "function": "handleRequest",
            "class": "Illuminate\\Foundation\\Application",
            "type": "->"
        },
        {
            "file": "C:\\laragon\\www\\practice\\vendor\\laravel\\framework\\src\\Illuminate\\Foundation\\resources\\server.php",
            "line": 23,
            "function": "require_once"
        }
    ]
}
            ========================================
            
2026-07-21 18:50:35,530 ============================================================
2026-07-21 18:50:35,530 Method : GET
2026-07-21 18:50:35,530 URL    : http://127.0.0.1:8000/api/products
2026-07-21 18:50:35,531 
Headers
2026-07-21 18:50:35,531 {
    "Content-Type": "application/json"
}
2026-07-21 18:50:35,531 
Request Body
2026-07-21 18:50:35,531 {}
2026-07-21 18:50:35,531 
Status Code : 200
2026-07-21 18:50:35,531 
Response
2026-07-21 18:50:35,531 [
    {
        "id": 1,
        "name": "explicabo",
        "price": 1005,
        "stock": 71,
        "created_at": "2026-06-29T15:44:33.000000Z",
        "updated_at": "2026-06-29T15:44:33.000000Z"
    },
    {
        "id": 2,
        "name": "et",
        "price": 4557,
        "stock": 79,
        "created_at": "2026-06-29T15:44:33.000000Z",
        "updated_at": "2026-06-29T15:44:33.000000Z"
    },
    {
        "id": 3,
        "name": "quia",
        "price": 2629,
        "stock": 72,
        "created_at": "2026-06-29T15:44:33.000000Z",
        "updated_at": "2026-06-29T15:44:33.000000Z"
    },
    {
        "id": 4,
        "name": "quo",
        "price": 2149,
        "stock": 23,
        "created_at": "2026-06-29T15:44:33.000000Z",
        "updated_at": "2026-06-29T15:44:33.000000Z"
    },
    {
        "id": 5,
        "name": "est",
        "price": 725,
        "stock": 100,
        "created_at": "2026-06-29T15:44:33.000000Z",
        "updated_at": "2026-06-29T15:44:33.000000Z"
    },
    {
        "id": 6,
        "name": "et",
        "price": 4176,
        "stock": 14,
        "created_at": "2026-06-29T15:44:33.000000Z",
        "updated_at": "2026-06-29T15:44:33.000000Z"
    },
    {
        "id": 7,
        "name": "voluptatem",
        "price": 1532,
        "stock": 11,
        "created_at": "2026-06-29T15:44:33.000000Z",
        "updated_at": "2026-06-29T15:44:33.000000Z"
    },
    {
        "id": 8,
        "name": "dolorum",
        "price": 519,
        "stock": 28,
        "created_at": "2026-06-29T15:44:33.000000Z",
        "updated_at": "2026-06-29T15:44:33.000000Z"
    },
    {
        "id": 9,
        "name": "incidunt",
        "price": 2305,
        "stock": 22,
        "created_at": "2026-06-29T15:44:33.000000Z",
        "updated_at": "2026-06-29T15:44:33.000000Z"
    },
    {
        "id": 10,
        "name": "assumenda",
        "price": 3336,
        "stock": 10,
        "created_at": "2026-06-29T15:44:33.000000Z",
        "updated_at": "2026-06-29T15:44:33.000000Z"
    },
    {
        "id": 11,
        "name": "nemo",
        "price": 4804,
        "stock": 8,
        "created_at": "2026-06-29T15:44:33.000000Z",
        "updated_at": "2026-06-29T15:44:33.000000Z"
    },
    {
        "id": 12,
        "name": "illo",
        "price": 2452,
        "stock": 40,
        "created_at": "2026-06-29T15:44:33.000000Z",
        "updated_at": "2026-06-29T15:44:33.000000Z"
    },
    {
        "id": 13,
        "name": "odit",
        "price": 1627,
        "stock": 36,
        "created_at": "2026-06-29T15:44:33.000000Z",
        "updated_at": "2026-06-29T15:44:33.000000Z"
    },
    {
        "id": 14,
        "name": "magnam",
        "price": 3733,
        "stock": 77,
        "created_at": "2026-06-29T15:44:33.000000Z",
        "updated_at": "2026-06-29T15:44:33.000000Z"
    },
    {
        "id": 15,
        "name": "quas",
        "price": 1586,
        "stock": 97,
        "created_at": "2026-06-29T15:44:33.000000Z",
        "updated_at": "2026-06-29T15:44:33.000000Z"
    },
    {
        "id": 16,
        "name": "ipsum",
        "price": 1725,
        "stock": 70,
        "created_at": "2026-06-29T15:44:33.000000Z",
        "updated_at": "2026-06-29T15:44:33.000000Z"
    },
    {
        "id": 17,
        "name": "et",
        "price": 2995,
        "stock": 96,
        "created_at": "2026-06-29T15:44:33.000000Z",
        "updated_at": "2026-06-29T15:44:33.000000Z"
    },
    {
        "id": 18,
        "name": "commodi",
        "price": 508,
        "stock": 85,
        "created_at": "2026-06-29T15:44:33.000000Z",
        "updated_at": "2026-06-29T15:44:33.000000Z"
    },
    {
        "id": 19,
        "name": "error",
        "price": 618,
        "stock": 38,
        "created_at": "2026-06-29T15:44:33.000000Z",
        "updated_at": "2026-06-29T15:44:33.000000Z"
    },
    {
        "id": 20,
        "name": "itaque",
        "price": 259,
        "stock": 22,
        "created_at": "2026-06-29T15:44:33.000000Z",
        "updated_at": "2026-06-29T15:44:33.000000Z"
    },
    {
        "id": 21,
        "name": "beatae",
        "price": 1210,
        "stock": 2,
        "created_at": "2026-06-29T15:44:33.000000Z",
        "updated_at": "2026-06-29T15:44:33.000000Z"
    },
    {
        "id": 22,
        "name": "voluptatem",
        "price": 229,
        "stock": 22,
        "created_at": "2026-06-29T15:44:33.000000Z",
        "updated_at": "2026-06-29T15:44:33.000000Z"
    },
    {
        "id": 23,
        "name": "esse",
        "price": 2876,
        "stock": 51,
        "created_at": "2026-06-29T15:44:33.000000Z",
        "updated_at": "2026-06-29T15:44:33.000000Z"
    },
    {
        "id": 24,
        "name": "in",
        "price": 2217,
        "stock": 70,
        "created_at": "2026-06-29T15:44:33.000000Z",
        "updated_at": "2026-06-29T15:44:33.000000Z"
    },
    {
        "id": 25,
        "name": "tempora",
        "price": 4071,
        "stock": 50,
        "created_at": "2026-06-29T15:44:33.000000Z",
        "updated_at": "2026-06-29T15:44:33.000000Z"
    },
    {
        "id": 26,
        "name": "nihil",
        "price": 3663,
        "stock": 37,
        "created_at": "2026-06-29T15:44:33.000000Z",
        "updated_at": "2026-06-29T15:44:33.000000Z"
    },
    {
        "id": 27,
        "name": "odio",
        "price": 2678,
        "stock": 45,
        "created_at": "2026-06-29T15:44:33.000000Z",
        "updated_at": "2026-06-29T15:44:33.000000Z"
    },
    {
        "id": 28,
        "name": "quos",
        "price": 3380,
        "stock": 68,
        "created_at": "2026-06-29T15:44:33.000000Z",
        "updated_at": "2026-06-29T15:44:33.000000Z"
    },
    {
        "id": 29,
        "name": "fuga",
        "price": 2101,
        "stock": 71,
        "created_at": "2026-06-29T15:44:33.000000Z",
        "updated_at": "2026-06-29T15:44:33.000000Z"
    },
    {
        "id": 30,
        "name": "sapiente",
        "price": 3496,
        "stock": 27,
        "created_at": "2026-06-29T15:44:33.000000Z",
        "updated_at": "2026-06-29T15:44:33.000000Z"
    },
    {
        "id": 31,
        "name": "ut",
        "price": 2672,
        "stock": 94,
        "created_at": "2026-06-29T15:44:33.000000Z",
        "updated_at": "2026-06-29T15:44:33.000000Z"
    },
    {
        "id": 32,
        "name": "rerum",
        "price": 1511,
        "stock": 22,
        "created_at": "2026-06-29T15:44:33.000000Z",
        "updated_at": "2026-06-29T15:44:33.000000Z"
    },
    {
        "id": 33,
        "name": "corrupti",
        "price": 4503,
        "stock": 35,
        "created_at": "2026-06-29T15:44:33.000000Z",
        "updated_at": "2026-06-29T15:44:33.000000Z"
    },
    {
        "id": 34,
        "name": "dignissimos",
        "price": 2874,
        "stock": 49,
        "created_at": "2026-06-29T15:44:33.000000Z",
        "updated_at": "2026-06-29T15:44:33.000000Z"
    },
    {
        "id": 35,
        "name": "est",
        "price": 268,
        "stock": 60,
        "created_at": "2026-06-29T15:44:33.000000Z",
        "updated_at": "2026-06-29T15:44:33.000000Z"
    },
    {
        "id": 36,
        "name": "aspernatur",
        "price": 1338,
        "stock": 41,
        "created_at": "2026-06-29T15:44:33.000000Z",
        "updated_at": "2026-06-29T15:44:33.000000Z"
    },
    {
        "id": 37,
        "name": "adipisci",
        "price": 2372,
        "stock": 58,
        "created_at": "2026-06-29T15:44:33.000000Z",
        "updated_at": "2026-06-29T15:44:33.000000Z"
    },
    {
        "id": 38,
        "name": "consequatur",
        "price": 4985,
        "stock": 93,
        "created_at": "2026-06-29T15:44:33.000000Z",
        "updated_at": "2026-06-29T15:44:33.000000Z"
    },
    {
        "id": 39,
        "name": "omnis",
        "price": 3056,
        "stock": 15,
        "created_at": "2026-06-29T15:44:33.000000Z",
        "updated_at": "2026-06-29T15:44:33.000000Z"
    },
    {
        "id": 40,
        "name": "omnis",
        "price": 952,
        "stock": 80,
        "created_at": "2026-06-29T15:44:33.000000Z",
        "updated_at": "2026-06-29T15:44:33.000000Z"
    },
    {
        "id": 41,
        "name": "voluptate",
        "price": 4923,
        "stock": 95,
        "created_at": "2026-06-29T15:44:33.000000Z",
        "updated_at": "2026-06-29T15:44:33.000000Z"
    },
    {
        "id": 42,
        "name": "laborum",
        "price": 626,
        "stock": 51,
        "created_at": "2026-06-29T15:44:33.000000Z",
        "updated_at": "2026-06-29T15:44:33.000000Z"
    },
    {
        "id": 43,
        "name": "laboriosam",
        "price": 1126,
        "stock": 37,
        "created_at": "2026-06-29T15:44:33.000000Z",
        "updated_at": "2026-06-29T15:44:33.000000Z"
    },
    {
        "id": 44,
        "name": "at",
        "price": 4642,
        "stock": 38,
        "created_at": "2026-06-29T15:44:33.000000Z",
        "updated_at": "2026-06-29T15:44:33.000000Z"
    },
    {
        "id": 45,
        "name": "soluta",
        "price": 2054,
        "stock": 61,
        "created_at": "2026-06-29T15:44:33.000000Z",
        "updated_at": "2026-06-29T15:44:33.000000Z"
    },
    {
        "id": 46,
        "name": "vel",
        "price": 4534,
        "stock": 85,
        "created_at": "2026-06-29T15:44:33.000000Z",
        "updated_at": "2026-06-29T15:44:33.000000Z"
    },
    {
        "id": 47,
        "name": "veritatis",
        "price": 2382,
        "stock": 66,
        "created_at": "2026-06-29T15:44:33.000000Z",
        "updated_at": "2026-06-29T15:44:33.000000Z"
    },
    {
        "id": 48,
        "name": "deleniti",
        "price": 2290,
        "stock": 56,
        "created_at": "2026-06-29T15:44:33.000000Z",
        "updated_at": "2026-06-29T15:44:33.000000Z"
    },
    {
        "id": 49,
        "name": "earum",
        "price": 2267,
        "stock": 79,
        "created_at": "2026-06-29T15:44:33.000000Z",
        "updated_at": "2026-06-29T15:44:33.000000Z"
    },
    {
        "id": 50,
        "name": "quisquam",
        "price": 801,
        "stock": 45,
        "created_at": "2026-06-29T15:44:33.000000Z",
        "updated_at": "2026-06-29T15:44:33.000000Z"
    },
    {
        "id": 51,
        "name": "beatae",
        "price": 3439,
        "stock": 98,
        "created_at": "2026-06-29T15:44:33.000000Z",
        "updated_at": "2026-06-29T15:44:33.000000Z"
    },
    {
        "id": 52,
        "name": "consequatur",
        "price": 928,
        "stock": 48,
        "created_at": "2026-06-29T15:44:33.000000Z",
        "updated_at": "2026-06-29T15:44:33.000000Z"
    },
    {
        "id": 53,
        "name": "nam",
        "price": 4145,
        "stock": 90,
        "created_at": "2026-06-29T15:44:33.000000Z",
        "updated_at": "2026-06-29T15:44:33.000000Z"
    },
    {
        "id": 54,
        "name": "dolorem",
        "price": 393,
        "stock": 65,
        "created_at": "2026-06-29T15:44:33.000000Z",
        "updated_at": "2026-06-29T15:44:33.000000Z"
    },
    {
        "id": 55,
        "name": "illo",
        "price": 1635,
        "stock": 83,
        "created_at": "2026-06-29T15:44:33.000000Z",
        "updated_at": "2026-06-29T15:44:33.000000Z"
    },
    {
        "id": 56,
        "name": "placeat",
        "price": 2861,
        "stock": 71,
        "created_at": "2026-06-29T15:44:33.000000Z",
        "updated_at": "2026-06-29T15:44:33.000000Z"
    },
    {
        "id": 57,
        "name": "laudantium",
        "price": 3513,
        "stock": 94,
        "created_at": "2026-06-29T15:44:33.000000Z",
        "updated_at": "2026-06-29T15:44:33.000000Z"
    },
    {
        "id": 58,
        "name": "eligendi",
        "price": 2687,
        "stock": 39,
        "created_at": "2026-06-29T15:44:33.000000Z",
        "updated_at": "2026-06-29T15:44:33.000000Z"
    },
    {
        "id": 59,
        "name": "praesentium",
        "price": 3632,
        "stock": 44,
        "created_at": "2026-06-29T15:44:33.000000Z",
        "updated_at": "2026-06-29T15:44:33.000000Z"
    },
    {
        "id": 60,
        "name": "consequatur",
        "price": 4080,
        "stock": 55,
        "created_at": "2026-06-29T15:44:33.000000Z",
        "updated_at": "2026-06-29T15:44:33.000000Z"
    },
    {
        "id": 61,
        "name": "quas",
        "price": 3051,
        "stock": 43,
        "created_at": "2026-06-29T15:44:33.000000Z",
        "updated_at": "2026-06-29T15:44:33.000000Z"
    },
    {
        "id": 62,
        "name": "officia",
        "price": 1668,
        "stock": 41,
        "created_at": "2026-06-29T15:44:33.000000Z",
        "updated_at": "2026-06-29T15:44:33.000000Z"
    },
    {
        "id": 63,
        "name": "et",
        "price": 3486,
        "stock": 53,
        "created_at": "2026-06-29T15:44:33.000000Z",
        "updated_at": "2026-06-29T15:44:33.000000Z"
    },
    {
        "id": 64,
        "name": "et",
        "price": 3648,
        "stock": 57,
        "created_at": "2026-06-29T15:44:33.000000Z",
        "updated_at": "2026-06-29T15:44:33.000000Z"
    },
    {
        "id": 65,
        "name": "distinctio",
        "price": 1142,
        "stock": 37,
        "created_at": "2026-06-29T15:44:33.000000Z",
        "updated_at": "2026-06-29T15:44:33.000000Z"
    },
    {
        "id": 66,
        "name": "itaque",
        "price": 4258,
        "stock": 12,
        "created_at": "2026-06-29T15:44:33.000000Z",
        "updated_at": "2026-06-29T15:44:33.000000Z"
    },
    {
        "id": 67,
        "name": "labore",
        "price": 1122,
        "stock": 8,
        "created_at": "2026-06-29T15:44:33.000000Z",
        "updated_at": "2026-06-29T15:44:33.000000Z"
    },
    {
        "id": 68,
        "name": "eum",
        "price": 2193,
        "stock": 98,
        "created_at": "2026-06-29T15:44:33.000000Z",
        "updated_at": "2026-06-29T15:44:33.000000Z"
    },
    {
        "id": 69,
        "name": "sit",
        "price": 1152,
        "stock": 29,
        "created_at": "2026-06-29T15:44:33.000000Z",
        "updated_at": "2026-06-29T15:44:33.000000Z"
    },
    {
        "id": 70,
        "name": "rem",
        "price": 425,
        "stock": 91,
        "created_at": "2026-06-29T15:44:33.000000Z",
        "updated_at": "2026-06-29T15:44:33.000000Z"
    },
    {
        "id": 71,
        "name": "voluptatem",
        "price": 3822,
        "stock": 21,
        "created_at": "2026-06-29T15:44:33.000000Z",
        "updated_at": "2026-06-29T15:44:33.000000Z"
    },
    {
        "id": 72,
        "name": "et",
        "price": 2460,
        "stock": 19,
        "created_at": "2026-06-29T15:44:33.000000Z",
        "updated_at": "2026-06-29T15:44:33.000000Z"
    },
    {
        "id": 73,
        "name": "dolorum",
        "price": 824,
        "stock": 7,
        "created_at": "2026-06-29T15:44:33.000000Z",
        "updated_at": "2026-06-29T15:44:33.000000Z"
    },
    {
        "id": 74,
        "name": "aspernatur",
        "price": 3033,
        "stock": 32,
        "created_at": "2026-06-29T15:44:33.000000Z",
        "updated_at": "2026-06-29T15:44:33.000000Z"
    },
    {
        "id": 75,
        "name": "consectetur",
        "price": 4123,
        "stock": 54,
        "created_at": "2026-06-29T15:44:33.000000Z",
        "updated_at": "2026-06-29T15:44:33.000000Z"
    },
    {
        "id": 76,
        "name": "cupiditate",
        "price": 1747,
        "stock": 17,
        "created_at": "2026-06-29T15:44:33.000000Z",
        "updated_at": "2026-06-29T15:44:33.000000Z"
    },
    {
        "id": 77,
        "name": "molestias",
        "price": 2269,
        "stock": 63,
        "created_at": "2026-06-29T15:44:33.000000Z",
        "updated_at": "2026-06-29T15:44:33.000000Z"
    },
    {
        "id": 78,
        "name": "quasi",
        "price": 4312,
        "stock": 62,
        "created_at": "2026-06-29T15:44:33.000000Z",
        "updated_at": "2026-06-29T15:44:33.000000Z"
    },
    {
        "id": 79,
        "name": "quia",
        "price": 810,
        "stock": 49,
        "created_at": "2026-06-29T15:44:33.000000Z",
        "updated_at": "2026-06-29T15:44:33.000000Z"
    },
    {
        "id": 80,
        "name": "et",
        "price": 1838,
        "stock": 66,
        "created_at": "2026-06-29T15:44:33.000000Z",
        "updated_at": "2026-06-29T15:44:33.000000Z"
    },
    {
        "id": 81,
        "name": "earum",
        "price": 1893,
        "stock": 75,
        "created_at": "2026-06-29T15:44:33.000000Z",
        "updated_at": "2026-06-29T15:44:33.000000Z"
    },
    {
        "id": 82,
        "name": "soluta",
        "price": 2928,
        "stock": 81,
        "created_at": "2026-06-29T15:44:33.000000Z",
        "updated_at": "2026-06-29T15:44:33.000000Z"
    },
    {
        "id": 83,
        "name": "numquam",
        "price": 4746,
        "stock": 60,
        "created_at": "2026-06-29T15:44:33.000000Z",
        "updated_at": "2026-06-29T15:44:33.000000Z"
    },
    {
        "id": 84,
        "name": "distinctio",
        "price": 4187,
        "stock": 88,
        "created_at": "2026-06-29T15:44:33.000000Z",
        "updated_at": "2026-06-29T15:44:33.000000Z"
    },
    {
        "id": 85,
        "name": "ut",
        "price": 754,
        "stock": 61,
        "created_at": "2026-06-29T15:44:33.000000Z",
        "updated_at": "2026-06-29T15:44:33.000000Z"
    },
    {
        "id": 86,
        "name": "culpa",
        "price": 2230,
        "stock": 87,
        "created_at": "2026-06-29T15:44:33.000000Z",
        "updated_at": "2026-06-29T15:44:33.000000Z"
    },
    {
        "id": 87,
        "name": "nostrum",
        "price": 4847,
        "stock": 93,
        "created_at": "2026-06-29T15:44:33.000000Z",
        "updated_at": "2026-06-29T15:44:33.000000Z"
    },
    {
        "id": 88,
        "name": "reprehenderit",
        "price": 3968,
        "stock": 94,
        "created_at": "2026-06-29T15:44:33.000000Z",
        "updated_at": "2026-06-29T15:44:33.000000Z"
    },
    {
        "id": 89,
        "name": "voluptatem",
        "price": 2120,
        "stock": 28,
        "created_at": "2026-06-29T15:44:33.000000Z",
        "updated_at": "2026-06-29T15:44:33.000000Z"
    },
    {
        "id": 90,
        "name": "accusantium",
        "price": 2027,
        "stock": 5,
        "created_at": "2026-06-29T15:44:33.000000Z",
        "updated_at": "2026-06-29T15:44:33.000000Z"
    },
    {
        "id": 91,
        "name": "illo",
        "price": 2267,
        "stock": 36,
        "created_at": "2026-06-29T15:44:33.000000Z",
        "updated_at": "2026-06-29T15:44:33.000000Z"
    },
    {
        "id": 92,
        "name": "possimus",
        "price": 4237,
        "stock": 70,
        "created_at": "2026-06-29T15:44:33.000000Z",
        "updated_at": "2026-06-29T15:44:33.000000Z"
    },
    {
        "id": 93,
        "name": "quas",
        "price": 903,
        "stock": 43,
        "created_at": "2026-06-29T15:44:33.000000Z",
        "updated_at": "2026-06-29T15:44:33.000000Z"
    },
    {
        "id": 94,
        "name": "consectetur",
        "price": 1997,
        "stock": 12,
        "created_at": "2026-06-29T15:44:33.000000Z",
        "updated_at": "2026-06-29T15:44:33.000000Z"
    },
    {
        "id": 95,
        "name": "beatae",
        "price": 456,
        "stock": 81,
        "created_at": "2026-06-29T15:44:33.000000Z",
        "updated_at": "2026-06-29T15:44:33.000000Z"
    },
    {
        "id": 96,
        "name": "maiores",
        "price": 4518,
        "stock": 51,
        "created_at": "2026-06-29T15:44:33.000000Z",
        "updated_at": "2026-06-29T15:44:33.000000Z"
    },
    {
        "id": 97,
        "name": "autem",
        "price": 1989,
        "stock": 87,
        "created_at": "2026-06-29T15:44:33.000000Z",
        "updated_at": "2026-06-29T15:44:33.000000Z"
    },
    {
        "id": 98,
        "name": "aliquid",
        "price": 3115,
        "stock": 82,
        "created_at": "2026-06-29T15:44:33.000000Z",
        "updated_at": "2026-06-29T15:44:33.000000Z"
    },
    {
        "id": 99,
        "name": "eligendi",
        "price": 1867,
        "stock": 80,
        "created_at": "2026-06-29T15:44:33.000000Z",
        "updated_at": "2026-06-29T15:44:33.000000Z"
    },
    {
        "id": 100,
        "name": "voluptatem",
        "price": 3205,
        "stock": 83,
        "created_at": "2026-06-29T15:44:33.000000Z",
        "updated_at": "2026-06-29T15:44:33.000000Z"
    },
    {
        "id": 103,
        "name": "debby",
        "price": 9999,
        "stock": 0,
        "created_at": "2026-07-08T08:22:23.000000Z",
        "updated_at": "2026-07-08T08:22:23.000000Z"
    },
    {
        "id": 104,
        "name": "MacBook Pro",
        "price": 65000,
        "stock": 20,
        "created_at": "2026-07-09T05:07:50.000000Z",
        "updated_at": "2026-07-09T05:07:50.000000Z"
    },
    {
        "id": 105,
        "name": "MacBook Pro",
        "price": 65000,
        "stock": 20,
        "created_at": "2026-07-09T05:13:02.000000Z",
        "updated_at": "2026-07-09T05:13:02.000000Z"
    },
    {
        "id": 107,
        "name": "MacBook Pro",
        "price": 65000,
        "stock": 20,
        "created_at": "2026-07-09T07:50:17.000000Z",
        "updated_at": "2026-07-09T07:50:17.000000Z"
    },
    {
        "id": 113,
        "name": "iPhone 18",
        "price": 39999,
        "stock": 22,
        "created_at": "2026-07-10T08:37:18.000000Z",
        "updated_at": "2026-07-10T08:37:18.000000Z"
    },
    {
        "id": 114,
        "name": "iPhone 18",
        "price": 39999,
        "stock": 22,
        "created_at": "2026-07-10T09:43:14.000000Z",
        "updated_at": "2026-07-10T09:43:14.000000Z"
    },
    {
        "id": 115,
        "name": "Pixel 10",
        "price": 32000,
        "stock": 30,
        "created_at": "2026-07-10T09:43:14.000000Z",
        "updated_at": "2026-07-10T09:43:14.000000Z"
    },
    {
        "id": 116,
        "name": "iPhone 18",
        "price": 39999,
        "stock": 22,
        "created_at": "2026-07-10T09:43:44.000000Z",
        "updated_at": "2026-07-10T09:43:44.000000Z"
    },
    {
        "id": 117,
        "name": "Pixel 10",
        "price": 32000,
        "stock": 30,
        "created_at": "2026-07-10T09:43:45.000000Z",
        "updated_at": "2026-07-10T09:43:45.000000Z"
    },
    {
        "id": 118,
        "name": "iPhone 18",
        "price": 39999,
        "stock": 22,
        "created_at": "2026-07-10T09:47:01.000000Z",
        "updated_at": "2026-07-10T09:47:01.000000Z"
    },
    {
        "id": 119,
        "name": "Pixel 10",
        "price": 32000,
        "stock": 30,
        "created_at": "2026-07-10T09:47:02.000000Z",
        "updated_at": "2026-07-10T09:47:02.000000Z"
    },
    {
        "id": 120,
        "name": "iPhone 18",
        "price": 39999,
        "stock": 22,
        "created_at": "2026-07-10T09:50:47.000000Z",
        "updated_at": "2026-07-10T09:50:47.000000Z"
    },
    {
        "id": 121,
        "name": "Pixel 10",
        "price": 32000,
        "stock": 30,
        "created_at": "2026-07-10T09:50:48.000000Z",
        "updated_at": "2026-07-10T09:50:48.000000Z"
    },
    {
        "id": 122,
        "name": "iPhone 18",
        "price": 39999,
        "stock": 22,
        "created_at": "2026-07-10T09:56:02.000000Z",
        "updated_at": "2026-07-10T09:56:02.000000Z"
    },
    {
        "id": 123,
        "name": "Pixel 10",
        "price": 32000,
        "stock": 30,
        "created_at": "2026-07-10T09:56:02.000000Z",
        "updated_at": "2026-07-10T09:56:02.000000Z"
    },
    {
        "id": 124,
        "name": "iPhone 18",
        "price": 39999,
        "stock": 22,
        "created_at": "2026-07-10T09:57:03.000000Z",
        "updated_at": "2026-07-10T09:57:03.000000Z"
    },
    {
        "id": 125,
        "name": "Pixel 10",
        "price": 32000,
        "stock": 30,
        "created_at": "2026-07-10T09:57:04.000000Z",
        "updated_at": "2026-07-10T09:57:04.000000Z"
    },
    {
        "id": 126,
        "name": "iPhone 18",
        "price": 39999,
        "stock": 22,
        "created_at": "2026-07-10T09:58:14.000000Z",
        "updated_at": "2026-07-10T09:58:14.000000Z"
    },
    {
        "id": 127,
        "name": "Pixel 10",
        "price": 32000,
        "stock": 30,
        "created_at": "2026-07-10T09:58:14.000000Z",
        "updated_at": "2026-07-10T09:58:14.000000Z"
    },
    {
        "id": 128,
        "name": "iPhone 18",
        "price": 39999,
        "stock": 22,
        "created_at": "2026-07-10T09:59:12.000000Z",
        "updated_at": "2026-07-10T09:59:12.000000Z"
    },
    {
        "id": 129,
        "name": "Pixel 10",
        "price": 32000,
        "stock": 30,
        "created_at": "2026-07-10T09:59:13.000000Z",
        "updated_at": "2026-07-10T09:59:13.000000Z"
    },
    {
        "id": 130,
        "name": "iPhone 18",
        "price": 39999,
        "stock": 22,
        "created_at": "2026-07-10T09:59:58.000000Z",
        "updated_at": "2026-07-10T09:59:58.000000Z"
    },
    {
        "id": 131,
        "name": "Pixel 10",
        "price": 32000,
        "stock": 30,
        "created_at": "2026-07-10T09:59:59.000000Z",
        "updated_at": "2026-07-10T09:59:59.000000Z"
    },
    {
        "id": 132,
        "name": "iPhone 18",
        "price": 39999,
        "stock": 22,
        "created_at": "2026-07-13T09:38:23.000000Z",
        "updated_at": "2026-07-13T09:38:23.000000Z"
    },
    {
        "id": 133,
        "name": "Pixel 10",
        "price": 32000,
        "stock": 30,
        "created_at": "2026-07-13T09:38:24.000000Z",
        "updated_at": "2026-07-13T09:38:24.000000Z"
    },
    {
        "id": 134,
        "name": "Pixel 10 Pro",
        "price": 38000,
        "stock": 40,
        "created_at": "2026-07-13T09:38:25.000000Z",
        "updated_at": "2026-07-13T09:38:26.000000Z"
    },
    {
        "id": 136,
        "name": "Pixel_1784111898",
        "price": 32000,
        "stock": 30,
        "created_at": "2026-07-15T10:38:18.000000Z",
        "updated_at": "2026-07-15T10:38:18.000000Z"
    },
    {
        "id": 137,
        "name": "Pixel_1784111898",
        "price": 32000,
        "stock": 30,
        "created_at": "2026-07-15T10:38:19.000000Z",
        "updated_at": "2026-07-15T10:38:19.000000Z"
    },
    {
        "id": 138,
        "name": "Pixel_1784111899",
        "price": 38000,
        "stock": 40,
        "created_at": "2026-07-15T10:38:19.000000Z",
        "updated_at": "2026-07-15T10:38:19.000000Z"
    },
    {
        "id": 140,
        "name": "Pixel_1784112563",
        "price": 32000,
        "stock": 30,
        "created_at": "2026-07-15T10:49:23.000000Z",
        "updated_at": "2026-07-15T10:49:23.000000Z"
    },
    {
        "id": 141,
        "name": "Pixel_1784112563",
        "price": 32000,
        "stock": 30,
        "created_at": "2026-07-15T10:49:23.000000Z",
        "updated_at": "2026-07-15T10:49:23.000000Z"
    },
    {
        "id": 142,
        "name": "Pixel_1784112564",
        "price": 38000,
        "stock": 40,
        "created_at": "2026-07-15T10:49:24.000000Z",
        "updated_at": "2026-07-15T10:49:24.000000Z"
    },
    {
        "id": 144,
        "name": "Pixel_3e77f7b2",
        "price": 32000,
        "stock": 30,
        "created_at": "2026-07-16T06:58:47.000000Z",
        "updated_at": "2026-07-16T06:58:47.000000Z"
    },
    {
        "id": 145,
        "name": "Pixel_fa7ea964",
        "price": 32000,
        "stock": 30,
        "created_at": "2026-07-16T06:58:48.000000Z",
        "updated_at": "2026-07-16T06:58:48.000000Z"
    },
    {
        "id": 146,
        "name": "Pixel_a00ee6c6",
        "price": 38000,
        "stock": 40,
        "created_at": "2026-07-16T06:58:49.000000Z",
        "updated_at": "2026-07-16T06:58:49.000000Z"
    },
    {
        "id": 148,
        "name": "Pixel_fe94c9a7",
        "price": 32000,
        "stock": 30,
        "created_at": "2026-07-16T07:07:59.000000Z",
        "updated_at": "2026-07-16T07:07:59.000000Z"
    },
    {
        "id": 149,
        "name": "Pixel_1e4bdf6d",
        "price": 32000,
        "stock": 30,
        "created_at": "2026-07-16T07:07:59.000000Z",
        "updated_at": "2026-07-16T07:07:59.000000Z"
    },
    {
        "id": 150,
        "name": "Pixel_b6d42ddc",
        "price": 38000,
        "stock": 40,
        "created_at": "2026-07-16T07:07:59.000000Z",
        "updated_at": "2026-07-16T07:08:00.000000Z"
    },
    {
        "id": 152,
        "name": "Pixel_0951f9d5",
        "price": 32000,
        "stock": 30,
        "created_at": "2026-07-16T07:10:43.000000Z",
        "updated_at": "2026-07-16T07:10:43.000000Z"
    },
    {
        "id": 153,
        "name": "Pixel_8f9c9353",
        "price": 32000,
        "stock": 30,
        "created_at": "2026-07-16T07:10:43.000000Z",
        "updated_at": "2026-07-16T07:10:43.000000Z"
    },
    {
        "id": 154,
        "name": "Pixel_e3066c8f",
        "price": 38000,
        "stock": 40,
        "created_at": "2026-07-16T07:10:44.000000Z",
        "updated_at": "2026-07-16T07:10:44.000000Z"
    },
    {
        "id": 156,
        "name": "Pixel_d8c53863",
        "price": 32000,
        "stock": 30,
        "created_at": "2026-07-16T07:15:44.000000Z",
        "updated_at": "2026-07-16T07:15:44.000000Z"
    },
    {
        "id": 157,
        "name": "Pixel_c0cd3876",
        "price": 32000,
        "stock": 30,
        "created_at": "2026-07-16T07:15:45.000000Z",
        "updated_at": "2026-07-16T07:15:45.000000Z"
    },
    {
        "id": 158,
        "name": "Pixel_53a0dc3e",
        "price": 38000,
        "stock": 40,
        "created_at": "2026-07-16T07:15:45.000000Z",
        "updated_at": "2026-07-16T07:15:45.000000Z"
    },
    {
        "id": 160,
        "name": "Pixel_521f0463",
        "price": 32000,
        "stock": 30,
        "created_at": "2026-07-16T07:24:25.000000Z",
        "updated_at": "2026-07-16T07:24:25.000000Z"
    },
    {
        "id": 161,
        "name": "Pixel_70e5703b",
        "price": 32000,
        "stock": 30,
        "created_at": "2026-07-16T07:24:26.000000Z",
        "updated_at": "2026-07-16T07:24:26.000000Z"
    },
    {
        "id": 162,
        "name": "Pixel_9ad7031a",
        "price": 38000,
        "stock": 40,
        "created_at": "2026-07-16T07:24:27.000000Z",
        "updated_at": "2026-07-16T07:24:27.000000Z"
    },
    {
        "id": 164,
        "name": "Pixel_Pixel_7531507e",
        "price": 32000,
        "stock": 40,
        "created_at": "2026-07-16T07:24:29.000000Z",
        "updated_at": "2026-07-16T07:24:29.000000Z"
    },
    {
        "id": 165,
        "name": "iPhone_Pixel_9bfa0a89",
        "price": 45000,
        "stock": 30,
        "created_at": "2026-07-16T07:24:29.000000Z",
        "updated_at": "2026-07-16T07:24:29.000000Z"
    },
    {
        "id": 166,
        "name": "Galaxy_Pixel_6aaceb1e",
        "price": 28000,
        "stock": 35,
        "created_at": "2026-07-16T07:24:30.000000Z",
        "updated_at": "2026-07-16T07:24:30.000000Z"
    },
    {
        "id": 167,
        "name": "Pixel_af12fab7",
        "price": 32000,
        "stock": 30,
        "created_at": "2026-07-16T07:27:14.000000Z",
        "updated_at": "2026-07-16T07:27:14.000000Z"
    },
    {
        "id": 168,
        "name": "Pixel_086c52c1",
        "price": 32000,
        "stock": 30,
        "created_at": "2026-07-16T07:27:14.000000Z",
        "updated_at": "2026-07-16T07:27:14.000000Z"
    },
    {
        "id": 169,
        "name": "Pixel_16609355",
        "price": 38000,
        "stock": 40,
        "created_at": "2026-07-16T07:27:15.000000Z",
        "updated_at": "2026-07-16T07:27:15.000000Z"
    },
    {
        "id": 171,
        "name": "Pixel_Pixel_244223ad",
        "price": 32000,
        "stock": 40,
        "created_at": "2026-07-16T07:27:17.000000Z",
        "updated_at": "2026-07-16T07:27:17.000000Z"
    },
    {
        "id": 172,
        "name": "iPhone_Pixel_143c3f7e",
        "price": 45000,
        "stock": 30,
        "created_at": "2026-07-16T07:27:17.000000Z",
        "updated_at": "2026-07-16T07:27:17.000000Z"
    },
    {
        "id": 173,
        "name": "Galaxy_Pixel_e255952f",
        "price": 28000,
        "stock": 35,
        "created_at": "2026-07-16T07:27:18.000000Z",
        "updated_at": "2026-07-16T07:27:18.000000Z"
    },
    {
        "id": 174,
        "name": "Pixel_1bd73e68",
        "price": 32000,
        "stock": 30,
        "created_at": "2026-07-17T02:01:04.000000Z",
        "updated_at": "2026-07-17T02:01:04.000000Z"
    },
    {
        "id": 175,
        "name": "Pixel_100609e9",
        "price": 32000,
        "stock": 30,
        "created_at": "2026-07-17T02:01:05.000000Z",
        "updated_at": "2026-07-17T02:01:05.000000Z"
    },
    {
        "id": 176,
        "name": "Pixel_b80718eb",
        "price": 38000,
        "stock": 40,
        "created_at": "2026-07-17T02:01:06.000000Z",
        "updated_at": "2026-07-17T02:01:07.000000Z"
    },
    {
        "id": 178,
        "name": "Pixel_da2dbbfe",
        "price": 32000,
        "stock": 30,
        "created_at": "2026-07-17T02:12:51.000000Z",
        "updated_at": "2026-07-17T02:12:51.000000Z"
    },
    {
        "id": 179,
        "name": "Pixel_7610e3ac",
        "price": 32000,
        "stock": 30,
        "created_at": "2026-07-17T02:12:51.000000Z",
        "updated_at": "2026-07-17T02:12:51.000000Z"
    },
    {
        "id": 180,
        "name": "Pixel_2058d6fa",
        "price": 38000,
        "stock": 40,
        "created_at": "2026-07-17T02:12:52.000000Z",
        "updated_at": "2026-07-17T02:12:52.000000Z"
    },
    {
        "id": 182,
        "name": "Pixel_7353ea32",
        "price": 32000,
        "stock": 30,
        "created_at": "2026-07-17T02:13:03.000000Z",
        "updated_at": "2026-07-17T02:13:03.000000Z"
    },
    {
        "id": 183,
        "name": "Pixel_9ab9fa5b",
        "price": 32000,
        "stock": 30,
        "created_at": "2026-07-17T02:13:03.000000Z",
        "updated_at": "2026-07-17T02:13:03.000000Z"
    },
    {
        "id": 184,
        "name": "Pixel_c331f61f",
        "price": 38000,
        "stock": 40,
        "created_at": "2026-07-17T02:13:04.000000Z",
        "updated_at": "2026-07-17T02:13:04.000000Z"
    },
    {
        "id": 186,
        "name": "Pixel_b2283669",
        "price": 32000,
        "stock": 30,
        "created_at": "2026-07-20T10:14:48.000000Z",
        "updated_at": "2026-07-20T10:14:48.000000Z"
    },
    {
        "id": 187,
        "name": "Pixel_04493fdc",
        "price": 32000,
        "stock": 30,
        "created_at": "2026-07-20T10:14:49.000000Z",
        "updated_at": "2026-07-20T10:14:49.000000Z"
    },
    {
        "id": 188,
        "name": "Pixel_91171ecb",
        "price": 38000,
        "stock": 40,
        "created_at": "2026-07-20T10:14:50.000000Z",
        "updated_at": "2026-07-20T10:14:51.000000Z"
    },
    {
        "id": 190,
        "name": "Pixel_58fe389b",
        "price": 32000,
        "stock": 30,
        "created_at": "2026-07-20T10:19:31.000000Z",
        "updated_at": "2026-07-20T10:19:31.000000Z"
    },
    {
        "id": 191,
        "name": "Pixel_40dcf417",
        "price": 32000,
        "stock": 30,
        "created_at": "2026-07-20T10:19:32.000000Z",
        "updated_at": "2026-07-20T10:19:32.000000Z"
    },
    {
        "id": 192,
        "name": "Pixel_b7b9bbaa",
        "price": 38000,
        "stock": 40,
        "created_at": "2026-07-20T10:19:32.000000Z",
        "updated_at": "2026-07-20T10:19:33.000000Z"
    },
    {
        "id": 194,
        "name": "Pixel_9b640bd5",
        "price": 32000,
        "stock": 30,
        "created_at": "2026-07-21T08:27:02.000000Z",
        "updated_at": "2026-07-21T08:27:02.000000Z"
    },
    {
        "id": 195,
        "name": "Pixel_8d9faa53",
        "price": 32000,
        "stock": 30,
        "created_at": "2026-07-21T08:27:03.000000Z",
        "updated_at": "2026-07-21T08:27:03.000000Z"
    },
    {
        "id": 196,
        "name": "Pixel_21a0ea1b",
        "price": 38000,
        "stock": 40,
        "created_at": "2026-07-21T08:27:04.000000Z",
        "updated_at": "2026-07-21T08:27:04.000000Z"
    },
    {
        "id": 198,
        "name": "Pixel_8dfe68e3",
        "price": 32000,
        "stock": 30,
        "created_at": "2026-07-21T10:42:06.000000Z",
        "updated_at": "2026-07-21T10:42:06.000000Z"
    },
    {
        "id": 199,
        "name": "Pixel_d0255e08",
        "price": 32000,
        "stock": 30,
        "created_at": "2026-07-21T10:42:06.000000Z",
        "updated_at": "2026-07-21T10:42:06.000000Z"
    },
    {
        "id": 200,
        "name": "Pixel_7117edf6",
        "price": 32000,
        "stock": 30,
        "created_at": "2026-07-21T10:42:06.000000Z",
        "updated_at": "2026-07-21T10:42:06.000000Z"
    },
    {
        "id": 201,
        "name": "Pixel_e174191b",
        "price": 32000,
        "stock": 30,
        "created_at": "2026-07-21T10:42:06.000000Z",
        "updated_at": "2026-07-21T10:42:06.000000Z"
    }
]
2026-07-21 18:50:35,531 ============================================================
2026-07-21 18:50:35,803 ============================================================
2026-07-21 18:50:35,803 Method : POST
2026-07-21 18:50:35,803 URL    : http://127.0.0.1:8000/api/products
2026-07-21 18:50:35,803 
Headers
2026-07-21 18:50:35,803 {
    "Content-Type": "application/json"
}
2026-07-21 18:50:35,803 
Request Body
2026-07-21 18:50:35,803 {
    "name": "Pixel_10b5b2e5",
    "price": 32000,
    "stock": 30
}
2026-07-21 18:50:35,803 
Status Code : 201
2026-07-21 18:50:35,803 
Response
2026-07-21 18:50:35,804 {
    "name": "Pixel_10b5b2e5",
    "price": 32000,
    "stock": 30,
    "updated_at": "2026-07-21T10:50:35.000000Z",
    "created_at": "2026-07-21T10:50:35.000000Z",
    "id": 202
}
2026-07-21 18:50:35,804 ============================================================
2026-07-21 18:50:36,143 ============================================================
2026-07-21 18:50:36,143 Method : POST
2026-07-21 18:50:36,143 URL    : http://127.0.0.1:8000/api/products
2026-07-21 18:50:36,143 
Headers
2026-07-21 18:50:36,143 {
    "Content-Type": "application/json"
}
2026-07-21 18:50:36,143 
Request Body
2026-07-21 18:50:36,143 {
    "name": "Pixel_6f6c1091",
    "price": 32000,
    "stock": 30
}
2026-07-21 18:50:36,143 
Status Code : 201
2026-07-21 18:50:36,143 
Response
2026-07-21 18:50:36,143 {
    "name": "Pixel_6f6c1091",
    "price": 32000,
    "stock": 30,
    "updated_at": "2026-07-21T10:50:36.000000Z",
    "created_at": "2026-07-21T10:50:36.000000Z",
    "id": 203
}
2026-07-21 18:50:36,143 ============================================================
2026-07-21 18:50:36,382 ============================================================
2026-07-21 18:50:36,382 Method : GET
2026-07-21 18:50:36,382 URL    : http://127.0.0.1:8000/api/products/203
2026-07-21 18:50:36,382 
Headers
2026-07-21 18:50:36,382 {
    "Content-Type": "application/json"
}
2026-07-21 18:50:36,382 
Request Body
2026-07-21 18:50:36,382 {}
2026-07-21 18:50:36,383 
Status Code : 200
2026-07-21 18:50:36,383 
Response
2026-07-21 18:50:36,383 {
    "id": 203,
    "name": "Pixel_6f6c1091",
    "price": 32000,
    "stock": 30,
    "created_at": "2026-07-21T10:50:36.000000Z",
    "updated_at": "2026-07-21T10:50:36.000000Z"
}
2026-07-21 18:50:36,383 ============================================================
2026-07-21 18:50:36,602 ============================================================
2026-07-21 18:50:36,602 Method : POST
2026-07-21 18:50:36,602 URL    : http://127.0.0.1:8000/api/products
2026-07-21 18:50:36,602 
Headers
2026-07-21 18:50:36,602 {
    "Content-Type": "application/json"
}
2026-07-21 18:50:36,602 
Request Body
2026-07-21 18:50:36,602 {
    "name": "Pixel_8ce95954",
    "price": 32000,
    "stock": 30
}
2026-07-21 18:50:36,602 
Status Code : 201
2026-07-21 18:50:36,602 
Response
2026-07-21 18:50:36,602 {
    "name": "Pixel_8ce95954",
    "price": 32000,
    "stock": 30,
    "updated_at": "2026-07-21T10:50:36.000000Z",
    "created_at": "2026-07-21T10:50:36.000000Z",
    "id": 204
}
2026-07-21 18:50:36,602 ============================================================
2026-07-21 18:50:36,827 ============================================================
2026-07-21 18:50:36,827 Method : PUT
2026-07-21 18:50:36,827 URL    : http://127.0.0.1:8000/api/products/204
2026-07-21 18:50:36,827 
Headers
2026-07-21 18:50:36,827 {
    "Content-Type": "application/json"
}
2026-07-21 18:50:36,827 
Request Body
2026-07-21 18:50:36,827 {
    "name": "Pixel_1ffbfaf8",
    "price": 38000,
    "stock": 40
}
2026-07-21 18:50:36,827 
Status Code : 200
2026-07-21 18:50:36,827 
Response
2026-07-21 18:50:36,827 {
    "id": 204,
    "name": "Pixel_1ffbfaf8",
    "price": 38000,
    "stock": 40,
    "created_at": "2026-07-21T10:50:36.000000Z",
    "updated_at": "2026-07-21T10:50:36.000000Z"
}
2026-07-21 18:50:36,827 ============================================================
2026-07-21 18:50:37,054 ============================================================
2026-07-21 18:50:37,054 Method : GET
2026-07-21 18:50:37,054 URL    : http://127.0.0.1:8000/api/products/204
2026-07-21 18:50:37,054 
Headers
2026-07-21 18:50:37,054 {
    "Content-Type": "application/json"
}
2026-07-21 18:50:37,054 
Request Body
2026-07-21 18:50:37,054 {}
2026-07-21 18:50:37,054 
Status Code : 200
2026-07-21 18:50:37,054 
Response
2026-07-21 18:50:37,054 {
    "id": 204,
    "name": "Pixel_1ffbfaf8",
    "price": 38000,
    "stock": 40,
    "created_at": "2026-07-21T10:50:36.000000Z",
    "updated_at": "2026-07-21T10:50:36.000000Z"
}
2026-07-21 18:50:37,054 ============================================================
2026-07-21 18:50:37,287 ============================================================
2026-07-21 18:50:37,287 Method : POST
2026-07-21 18:50:37,287 URL    : http://127.0.0.1:8000/api/products
2026-07-21 18:50:37,287 
Headers
2026-07-21 18:50:37,287 {
    "Content-Type": "application/json"
}
2026-07-21 18:50:37,287 
Request Body
2026-07-21 18:50:37,287 {
    "name": "Pixel_3781502e",
    "price": 32000,
    "stock": 30
}
2026-07-21 18:50:37,287 
Status Code : 201
2026-07-21 18:50:37,287 
Response
2026-07-21 18:50:37,287 {
    "name": "Pixel_3781502e",
    "price": 32000,
    "stock": 30,
    "updated_at": "2026-07-21T10:50:37.000000Z",
    "created_at": "2026-07-21T10:50:37.000000Z",
    "id": 205
}
2026-07-21 18:50:37,287 ============================================================
2026-07-21 18:50:37,517 ============================================================
2026-07-21 18:50:37,517 Method : DELETE
2026-07-21 18:50:37,518 URL    : http://127.0.0.1:8000/api/products/205
2026-07-21 18:50:37,518 
Headers
2026-07-21 18:50:37,518 {
    "Content-Type": "application/json"
}
2026-07-21 18:50:37,518 
Request Body
2026-07-21 18:50:37,518 {}
2026-07-21 18:50:37,518 
Status Code : 204
2026-07-21 18:50:37,518 
Response
2026-07-21 18:50:37,518 
2026-07-21 18:50:37,518 ============================================================
2026-07-21 18:50:37,764 ============================================================
2026-07-21 18:50:37,764 Method : GET
2026-07-21 18:50:37,764 URL    : http://127.0.0.1:8000/api/products/205
2026-07-21 18:50:37,764 
Headers
2026-07-21 18:50:37,764 {
    "Content-Type": "application/json"
}
2026-07-21 18:50:37,764 
Request Body
2026-07-21 18:50:37,764 {}
2026-07-21 18:50:37,764 
Status Code : 404
2026-07-21 18:50:37,764 
Response
2026-07-21 18:50:37,764 {
    "message": "No query results for model [App\\Models\\Product] 205",
    "exception": "Symfony\\Component\\HttpKernel\\Exception\\NotFoundHttpException",
    "file": "C:\\laragon\\www\\practice\\vendor\\laravel\\framework\\src\\Illuminate\\Foundation\\Exceptions\\Handler.php",
    "line": 768,
    "trace": [
        {
            "file": "C:\\laragon\\www\\practice\\vendor\\laravel\\framework\\src\\Illuminate\\Foundation\\Exceptions\\Handler.php",
            "line": 716,
            "function": "prepareException",
            "class": "Illuminate\\Foundation\\Exceptions\\Handler",
            "type": "->"
        },
        {
            "file": "C:\\laragon\\www\\practice\\vendor\\laravel\\framework\\src\\Illuminate\\Routing\\Pipeline.php",
            "line": 51,
            "function": "render",
            "class": "Illuminate\\Foundation\\Exceptions\\Handler",
            "type": "->"
        },
        {
            "file": "C:\\laragon\\www\\practice\\vendor\\laravel\\framework\\src\\Illuminate\\Pipeline\\Pipeline.php",
            "line": 224,
            "function": "handleException",
            "class": "Illuminate\\Routing\\Pipeline",
            "type": "->"
        },
        {
            "file": "C:\\laragon\\www\\practice\\vendor\\laravel\\framework\\src\\Illuminate\\Pipeline\\Pipeline.php",
            "line": 137,
            "function": "Illuminate\\Pipeline\\{closure}",
            "class": "Illuminate\\Pipeline\\Pipeline",
            "type": "->"
        },
        {
            "file": "C:\\laragon\\www\\practice\\vendor\\laravel\\framework\\src\\Illuminate\\Routing\\Router.php",
            "line": 821,
            "function": "then",
            "class": "Illuminate\\Pipeline\\Pipeline",
            "type": "->"
        },
        {
            "file": "C:\\laragon\\www\\practice\\vendor\\laravel\\framework\\src\\Illuminate\\Routing\\Router.php",
            "line": 800,
            "function": "runRouteWithinStack",
            "class": "Illuminate\\Routing\\Router",
            "type": "->"
        },
        {
            "file": "C:\\laragon\\www\\practice\\vendor\\laravel\\framework\\src\\Illuminate\\Routing\\Router.php",
            "line": 764,
            "function": "runRoute",
            "class": "Illuminate\\Routing\\Router",
            "type": "->"
        },
        {
            "file": "C:\\laragon\\www\\practice\\vendor\\laravel\\framework\\src\\Illuminate\\Routing\\Router.php",
            "line": 753,
            "function": "dispatchToRoute",
            "class": "Illuminate\\Routing\\Router",
            "type": "->"
        },
        {
            "file": "C:\\laragon\\www\\practice\\vendor\\laravel\\framework\\src\\Illuminate\\Foundation\\Http\\Kernel.php",
            "line": 200,
            "function": "dispatch",
            "class": "Illuminate\\Routing\\Router",
            "type": "->"
        },
        {
            "file": "C:\\laragon\\www\\practice\\vendor\\laravel\\framework\\src\\Illuminate\\Pipeline\\Pipeline.php",
            "line": 180,
            "function": "Illuminate\\Foundation\\Http\\{closure}",
            "class": "Illuminate\\Foundation\\Http\\Kernel",
            "type": "->"
        },
        {
            "file": "C:\\laragon\\www\\practice\\vendor\\laravel\\framework\\src\\Illuminate\\Foundation\\Http\\Middleware\\TransformsRequest.php",
            "line": 21,
            "function": "Illuminate\\Pipeline\\{closure}",
            "class": "Illuminate\\Pipeline\\Pipeline",
            "type": "->"
        },
        {
            "file": "C:\\laragon\\www\\practice\\vendor\\laravel\\framework\\src\\Illuminate\\Foundation\\Http\\Middleware\\ConvertEmptyStringsToNull.php",
            "line": 31,
            "function": "handle",
            "class": "Illuminate\\Foundation\\Http\\Middleware\\TransformsRequest",
            "type": "->"
        },
        {
            "file": "C:\\laragon\\www\\practice\\vendor\\laravel\\framework\\src\\Illuminate\\Pipeline\\Pipeline.php",
            "line": 219,
            "function": "handle",
            "class": "Illuminate\\Foundation\\Http\\Middleware\\ConvertEmptyStringsToNull",
            "type": "->"
        },
        {
            "file": "C:\\laragon\\www\\practice\\vendor\\laravel\\framework\\src\\Illuminate\\Foundation\\Http\\Middleware\\TransformsRequest.php",
            "line": 21,
            "function": "Illuminate\\Pipeline\\{closure}",
            "class": "Illuminate\\Pipeline\\Pipeline",
            "type": "->"
        },
        {
            "file": "C:\\laragon\\www\\practice\\vendor\\laravel\\framework\\src\\Illuminate\\Foundation\\Http\\Middleware\\TrimStrings.php",
            "line": 51,
            "function": "handle",
            "class": "Illuminate\\Foundation\\Http\\Middleware\\TransformsRequest",
            "type": "->"
        },
        {
            "file": "C:\\laragon\\www\\practice\\vendor\\laravel\\framework\\src\\Illuminate\\Pipeline\\Pipeline.php",
            "line": 219,
            "function": "handle",
            "class": "Illuminate\\Foundation\\Http\\Middleware\\TrimStrings",
            "type": "->"
        },
        {
            "file": "C:\\laragon\\www\\practice\\vendor\\laravel\\framework\\src\\Illuminate\\Http\\Middleware\\ValidatePostSize.php",
            "line": 27,
            "function": "Illuminate\\Pipeline\\{closure}",
            "class": "Illuminate\\Pipeline\\Pipeline",
            "type": "->"
        },
        {
            "file": "C:\\laragon\\www\\practice\\vendor\\laravel\\framework\\src\\Illuminate\\Pipeline\\Pipeline.php",
            "line": 219,
            "function": "handle",
            "class": "Illuminate\\Http\\Middleware\\ValidatePostSize",
            "type": "->"
        },
        {
            "file": "C:\\laragon\\www\\practice\\vendor\\laravel\\framework\\src\\Illuminate\\Foundation\\Http\\Middleware\\PreventRequestsDuringMaintenance.php",
            "line": 109,
            "function": "Illuminate\\Pipeline\\{closure}",
            "class": "Illuminate\\Pipeline\\Pipeline",
            "type": "->"
        },
        {
            "file": "C:\\laragon\\www\\practice\\vendor\\laravel\\framework\\src\\Illuminate\\Pipeline\\Pipeline.php",
            "line": 219,
            "function": "handle",
            "class": "Illuminate\\Foundation\\Http\\Middleware\\PreventRequestsDuringMaintenance",
            "type": "->"
        },
        {
            "file": "C:\\laragon\\www\\practice\\vendor\\laravel\\framework\\src\\Illuminate\\Http\\Middleware\\HandleCors.php",
            "line": 74,
            "function": "Illuminate\\Pipeline\\{closure}",
            "class": "Illuminate\\Pipeline\\Pipeline",
            "type": "->"
        },
        {
            "file": "C:\\laragon\\www\\practice\\vendor\\laravel\\framework\\src\\Illuminate\\Pipeline\\Pipeline.php",
            "line": 219,
            "function": "handle",
            "class": "Illuminate\\Http\\Middleware\\HandleCors",
            "type": "->"
        },
        {
            "file": "C:\\laragon\\www\\practice\\vendor\\laravel\\framework\\src\\Illuminate\\Http\\Middleware\\TrustProxies.php",
            "line": 58,
            "function": "Illuminate\\Pipeline\\{closure}",
            "class": "Illuminate\\Pipeline\\Pipeline",
            "type": "->"
        },
        {
            "file": "C:\\laragon\\www\\practice\\vendor\\laravel\\framework\\src\\Illuminate\\Pipeline\\Pipeline.php",
            "line": 219,
            "function": "handle",
            "class": "Illuminate\\Http\\Middleware\\TrustProxies",
            "type": "->"
        },
        {
            "file": "C:\\laragon\\www\\practice\\vendor\\laravel\\framework\\src\\Illuminate\\Foundation\\Http\\Middleware\\InvokeDeferredCallbacks.php",
            "line": 22,
            "function": "Illuminate\\Pipeline\\{closure}",
            "class": "Illuminate\\Pipeline\\Pipeline",
            "type": "->"
        },
        {
            "file": "C:\\laragon\\www\\practice\\vendor\\laravel\\framework\\src\\Illuminate\\Pipeline\\Pipeline.php",
            "line": 219,
            "function": "handle",
            "class": "Illuminate\\Foundation\\Http\\Middleware\\InvokeDeferredCallbacks",
            "type": "->"
        },
        {
            "file": "C:\\laragon\\www\\practice\\vendor\\laravel\\framework\\src\\Illuminate\\Http\\Middleware\\ValidatePathEncoding.php",
            "line": 28,
            "function": "Illuminate\\Pipeline\\{closure}",
            "class": "Illuminate\\Pipeline\\Pipeline",
            "type": "->"
        },
        {
            "file": "C:\\laragon\\www\\practice\\vendor\\laravel\\framework\\src\\Illuminate\\Pipeline\\Pipeline.php",
            "line": 219,
            "function": "handle",
            "class": "Illuminate\\Http\\Middleware\\ValidatePathEncoding",
            "type": "->"
        },
        {
            "file": "C:\\laragon\\www\\practice\\vendor\\laravel\\framework\\src\\Illuminate\\Pipeline\\Pipeline.php",
            "line": 137,
            "function": "Illuminate\\Pipeline\\{closure}",
            "class": "Illuminate\\Pipeline\\Pipeline",
            "type": "->"
        },
        {
            "file": "C:\\laragon\\www\\practice\\vendor\\laravel\\framework\\src\\Illuminate\\Foundation\\Http\\Kernel.php",
            "line": 175,
            "function": "then",
            "class": "Illuminate\\Pipeline\\Pipeline",
            "type": "->"
        },
        {
            "file": "C:\\laragon\\www\\practice\\vendor\\laravel\\framework\\src\\Illuminate\\Foundation\\Http\\Kernel.php",
            "line": 144,
            "function": "sendRequestThroughRouter",
            "class": "Illuminate\\Foundation\\Http\\Kernel",
            "type": "->"
        },
        {
            "file": "C:\\laragon\\www\\practice\\vendor\\laravel\\framework\\src\\Illuminate\\Foundation\\Application.php",
            "line": 1220,
            "function": "handle",
            "class": "Illuminate\\Foundation\\Http\\Kernel",
            "type": "->"
        },
        {
            "file": "C:\\laragon\\www\\practice\\public\\index.php",
            "line": 20,
            "function": "handleRequest",
            "class": "Illuminate\\Foundation\\Application",
            "type": "->"
        },
        {
            "file": "C:\\laragon\\www\\practice\\vendor\\laravel\\framework\\src\\Illuminate\\Foundation\\resources\\server.php",
            "line": 23,
            "function": "require_once"
        }
    ]
}
2026-07-21 18:50:37,764 ============================================================
2026-07-22 17:52:34,552 ============================================================
2026-07-22 17:52:34,552 Method : POST
2026-07-22 17:52:34,552 URL    : http://127.0.0.1:8000/api/products
2026-07-22 17:52:34,552 
Headers
2026-07-22 17:52:34,552 {
    "Content-Type": "application/json"
}
2026-07-22 17:52:34,552 
Request Body
2026-07-22 17:52:34,552 {
    "name": "Pixel_460ee900",
    "price": 32000,
    "stock": 30
}
2026-07-22 17:52:34,552 
Status Code : 201
2026-07-22 17:52:34,552 
Response
2026-07-22 17:52:34,552 {
    "name": "Pixel_460ee900",
    "price": 32000,
    "stock": 30,
    "updated_at": "2026-07-22T09:52:33.000000Z",
    "created_at": "2026-07-22T09:52:33.000000Z",
    "id": 206
}
2026-07-22 17:52:34,553 ============================================================
2026-07-22 17:52:34,776 ============================================================
2026-07-22 17:52:34,777 Method : GET
2026-07-22 17:52:34,777 URL    : http://127.0.0.1:8000/api/products/206
2026-07-22 17:52:34,777 
Headers
2026-07-22 17:52:34,777 {
    "Content-Type": "application/json"
}
2026-07-22 17:52:34,777 
Request Body
2026-07-22 17:52:34,777 {}
2026-07-22 17:52:34,777 
Status Code : 200
2026-07-22 17:52:34,777 
Response
2026-07-22 17:52:34,777 {
    "id": 206,
    "name": "Pixel_460ee900",
    "price": 32000,
    "stock": 30,
    "created_at": "2026-07-22T09:52:33.000000Z",
    "updated_at": "2026-07-22T09:52:33.000000Z"
}
2026-07-22 17:52:34,777 ============================================================
2026-07-22 17:52:35,044 ============================================================
2026-07-22 17:52:35,044 Method : POST
2026-07-22 17:52:35,044 URL    : http://127.0.0.1:8000/api/products
2026-07-22 17:52:35,044 
Headers
2026-07-22 17:52:35,044 {
    "Content-Type": "application/json"
}
2026-07-22 17:52:35,044 
Request Body
2026-07-22 17:52:35,044 {
    "name": "Pixel_69257663",
    "price": 32000,
    "stock": 30
}
2026-07-22 17:52:35,044 
Status Code : 201
2026-07-22 17:52:35,044 
Response
2026-07-22 17:52:35,044 {
    "name": "Pixel_69257663",
    "price": 32000,
    "stock": 30,
    "updated_at": "2026-07-22T09:52:35.000000Z",
    "created_at": "2026-07-22T09:52:35.000000Z",
    "id": 207
}
2026-07-22 17:52:35,044 ============================================================
2026-07-22 17:52:35,297 ============================================================
2026-07-22 17:52:35,297 Method : POST
2026-07-22 17:52:35,297 URL    : http://127.0.0.1:8000/api/products
2026-07-22 17:52:35,297 
Headers
2026-07-22 17:52:35,297 {
    "Content-Type": "application/json"
}
2026-07-22 17:52:35,297 
Request Body
2026-07-22 17:52:35,297 {
    "name": "Pixel_1a4e4aaa",
    "price": 32000,
    "stock": 30
}
2026-07-22 17:52:35,297 
Status Code : 201
2026-07-22 17:52:35,297 
Response
2026-07-22 17:52:35,298 {
    "name": "Pixel_1a4e4aaa",
    "price": 32000,
    "stock": 30,
    "updated_at": "2026-07-22T09:52:35.000000Z",
    "created_at": "2026-07-22T09:52:35.000000Z",
    "id": 208
}
2026-07-22 17:52:35,298 ============================================================
2026-07-22 17:52:35,526 ============================================================
2026-07-22 17:52:35,526 Method : DELETE
2026-07-22 17:52:35,526 URL    : http://127.0.0.1:8000/api/products/208
2026-07-22 17:52:35,526 
Headers
2026-07-22 17:52:35,526 {
    "Content-Type": "application/json"
}
2026-07-22 17:52:35,526 
Request Body
2026-07-22 17:52:35,526 {}
2026-07-22 17:52:35,526 
Status Code : 204
2026-07-22 17:52:35,526 
Response
2026-07-22 17:52:35,526 
2026-07-22 17:52:35,526 ============================================================
2026-07-22 17:52:35,931 ============================================================
2026-07-22 17:52:35,931 Method : GET
2026-07-22 17:52:35,931 URL    : http://127.0.0.1:8000/api/products/208
2026-07-22 17:52:35,931 
Headers
2026-07-22 17:52:35,932 {
    "Content-Type": "application/json"
}
2026-07-22 17:52:35,932 
Request Body
2026-07-22 17:52:35,932 {}
2026-07-22 17:52:35,932 
Status Code : 404
2026-07-22 17:52:35,932 
Response
2026-07-22 17:52:35,932 {
    "message": "No query results for model [App\\Models\\Product] 208",
    "exception": "Symfony\\Component\\HttpKernel\\Exception\\NotFoundHttpException",
    "file": "C:\\laragon\\www\\practice\\vendor\\laravel\\framework\\src\\Illuminate\\Foundation\\Exceptions\\Handler.php",
    "line": 768,
    "trace": [
        {
            "file": "C:\\laragon\\www\\practice\\vendor\\laravel\\framework\\src\\Illuminate\\Foundation\\Exceptions\\Handler.php",
            "line": 716,
            "function": "prepareException",
            "class": "Illuminate\\Foundation\\Exceptions\\Handler",
            "type": "->"
        },
        {
            "file": "C:\\laragon\\www\\practice\\vendor\\laravel\\framework\\src\\Illuminate\\Routing\\Pipeline.php",
            "line": 51,
            "function": "render",
            "class": "Illuminate\\Foundation\\Exceptions\\Handler",
            "type": "->"
        },
        {
            "file": "C:\\laragon\\www\\practice\\vendor\\laravel\\framework\\src\\Illuminate\\Pipeline\\Pipeline.php",
            "line": 224,
            "function": "handleException",
            "class": "Illuminate\\Routing\\Pipeline",
            "type": "->"
        },
        {
            "file": "C:\\laragon\\www\\practice\\vendor\\laravel\\framework\\src\\Illuminate\\Pipeline\\Pipeline.php",
            "line": 137,
            "function": "Illuminate\\Pipeline\\{closure}",
            "class": "Illuminate\\Pipeline\\Pipeline",
            "type": "->"
        },
        {
            "file": "C:\\laragon\\www\\practice\\vendor\\laravel\\framework\\src\\Illuminate\\Routing\\Router.php",
            "line": 821,
            "function": "then",
            "class": "Illuminate\\Pipeline\\Pipeline",
            "type": "->"
        },
        {
            "file": "C:\\laragon\\www\\practice\\vendor\\laravel\\framework\\src\\Illuminate\\Routing\\Router.php",
            "line": 800,
            "function": "runRouteWithinStack",
            "class": "Illuminate\\Routing\\Router",
            "type": "->"
        },
        {
            "file": "C:\\laragon\\www\\practice\\vendor\\laravel\\framework\\src\\Illuminate\\Routing\\Router.php",
            "line": 764,
            "function": "runRoute",
            "class": "Illuminate\\Routing\\Router",
            "type": "->"
        },
        {
            "file": "C:\\laragon\\www\\practice\\vendor\\laravel\\framework\\src\\Illuminate\\Routing\\Router.php",
            "line": 753,
            "function": "dispatchToRoute",
            "class": "Illuminate\\Routing\\Router",
            "type": "->"
        },
        {
            "file": "C:\\laragon\\www\\practice\\vendor\\laravel\\framework\\src\\Illuminate\\Foundation\\Http\\Kernel.php",
            "line": 200,
            "function": "dispatch",
            "class": "Illuminate\\Routing\\Router",
            "type": "->"
        },
        {
            "file": "C:\\laragon\\www\\practice\\vendor\\laravel\\framework\\src\\Illuminate\\Pipeline\\Pipeline.php",
            "line": 180,
            "function": "Illuminate\\Foundation\\Http\\{closure}",
            "class": "Illuminate\\Foundation\\Http\\Kernel",
            "type": "->"
        },
        {
            "file": "C:\\laragon\\www\\practice\\vendor\\laravel\\framework\\src\\Illuminate\\Foundation\\Http\\Middleware\\TransformsRequest.php",
            "line": 21,
            "function": "Illuminate\\Pipeline\\{closure}",
            "class": "Illuminate\\Pipeline\\Pipeline",
            "type": "->"
        },
        {
            "file": "C:\\laragon\\www\\practice\\vendor\\laravel\\framework\\src\\Illuminate\\Foundation\\Http\\Middleware\\ConvertEmptyStringsToNull.php",
            "line": 31,
            "function": "handle",
            "class": "Illuminate\\Foundation\\Http\\Middleware\\TransformsRequest",
            "type": "->"
        },
        {
            "file": "C:\\laragon\\www\\practice\\vendor\\laravel\\framework\\src\\Illuminate\\Pipeline\\Pipeline.php",
            "line": 219,
            "function": "handle",
            "class": "Illuminate\\Foundation\\Http\\Middleware\\ConvertEmptyStringsToNull",
            "type": "->"
        },
        {
            "file": "C:\\laragon\\www\\practice\\vendor\\laravel\\framework\\src\\Illuminate\\Foundation\\Http\\Middleware\\TransformsRequest.php",
            "line": 21,
            "function": "Illuminate\\Pipeline\\{closure}",
            "class": "Illuminate\\Pipeline\\Pipeline",
            "type": "->"
        },
        {
            "file": "C:\\laragon\\www\\practice\\vendor\\laravel\\framework\\src\\Illuminate\\Foundation\\Http\\Middleware\\TrimStrings.php",
            "line": 51,
            "function": "handle",
            "class": "Illuminate\\Foundation\\Http\\Middleware\\TransformsRequest",
            "type": "->"
        },
        {
            "file": "C:\\laragon\\www\\practice\\vendor\\laravel\\framework\\src\\Illuminate\\Pipeline\\Pipeline.php",
            "line": 219,
            "function": "handle",
            "class": "Illuminate\\Foundation\\Http\\Middleware\\TrimStrings",
            "type": "->"
        },
        {
            "file": "C:\\laragon\\www\\practice\\vendor\\laravel\\framework\\src\\Illuminate\\Http\\Middleware\\ValidatePostSize.php",
            "line": 27,
            "function": "Illuminate\\Pipeline\\{closure}",
            "class": "Illuminate\\Pipeline\\Pipeline",
            "type": "->"
        },
        {
            "file": "C:\\laragon\\www\\practice\\vendor\\laravel\\framework\\src\\Illuminate\\Pipeline\\Pipeline.php",
            "line": 219,
            "function": "handle",
            "class": "Illuminate\\Http\\Middleware\\ValidatePostSize",
            "type": "->"
        },
        {
            "file": "C:\\laragon\\www\\practice\\vendor\\laravel\\framework\\src\\Illuminate\\Foundation\\Http\\Middleware\\PreventRequestsDuringMaintenance.php",
            "line": 109,
            "function": "Illuminate\\Pipeline\\{closure}",
            "class": "Illuminate\\Pipeline\\Pipeline",
            "type": "->"
        },
        {
            "file": "C:\\laragon\\www\\practice\\vendor\\laravel\\framework\\src\\Illuminate\\Pipeline\\Pipeline.php",
            "line": 219,
            "function": "handle",
            "class": "Illuminate\\Foundation\\Http\\Middleware\\PreventRequestsDuringMaintenance",
            "type": "->"
        },
        {
            "file": "C:\\laragon\\www\\practice\\vendor\\laravel\\framework\\src\\Illuminate\\Http\\Middleware\\HandleCors.php",
            "line": 74,
            "function": "Illuminate\\Pipeline\\{closure}",
            "class": "Illuminate\\Pipeline\\Pipeline",
            "type": "->"
        },
        {
            "file": "C:\\laragon\\www\\practice\\vendor\\laravel\\framework\\src\\Illuminate\\Pipeline\\Pipeline.php",
            "line": 219,
            "function": "handle",
            "class": "Illuminate\\Http\\Middleware\\HandleCors",
            "type": "->"
        },
        {
            "file": "C:\\laragon\\www\\practice\\vendor\\laravel\\framework\\src\\Illuminate\\Http\\Middleware\\TrustProxies.php",
            "line": 58,
            "function": "Illuminate\\Pipeline\\{closure}",
            "class": "Illuminate\\Pipeline\\Pipeline",
            "type": "->"
        },
        {
            "file": "C:\\laragon\\www\\practice\\vendor\\laravel\\framework\\src\\Illuminate\\Pipeline\\Pipeline.php",
            "line": 219,
            "function": "handle",
            "class": "Illuminate\\Http\\Middleware\\TrustProxies",
            "type": "->"
        },
        {
            "file": "C:\\laragon\\www\\practice\\vendor\\laravel\\framework\\src\\Illuminate\\Foundation\\Http\\Middleware\\InvokeDeferredCallbacks.php",
            "line": 22,
            "function": "Illuminate\\Pipeline\\{closure}",
            "class": "Illuminate\\Pipeline\\Pipeline",
            "type": "->"
        },
        {
            "file": "C:\\laragon\\www\\practice\\vendor\\laravel\\framework\\src\\Illuminate\\Pipeline\\Pipeline.php",
            "line": 219,
            "function": "handle",
            "class": "Illuminate\\Foundation\\Http\\Middleware\\InvokeDeferredCallbacks",
            "type": "->"
        },
        {
            "file": "C:\\laragon\\www\\practice\\vendor\\laravel\\framework\\src\\Illuminate\\Http\\Middleware\\ValidatePathEncoding.php",
            "line": 28,
            "function": "Illuminate\\Pipeline\\{closure}",
            "class": "Illuminate\\Pipeline\\Pipeline",
            "type": "->"
        },
        {
            "file": "C:\\laragon\\www\\practice\\vendor\\laravel\\framework\\src\\Illuminate\\Pipeline\\Pipeline.php",
            "line": 219,
            "function": "handle",
            "class": "Illuminate\\Http\\Middleware\\ValidatePathEncoding",
            "type": "->"
        },
        {
            "file": "C:\\laragon\\www\\practice\\vendor\\laravel\\framework\\src\\Illuminate\\Pipeline\\Pipeline.php",
            "line": 137,
            "function": "Illuminate\\Pipeline\\{closure}",
            "class": "Illuminate\\Pipeline\\Pipeline",
            "type": "->"
        },
        {
            "file": "C:\\laragon\\www\\practice\\vendor\\laravel\\framework\\src\\Illuminate\\Foundation\\Http\\Kernel.php",
            "line": 175,
            "function": "then",
            "class": "Illuminate\\Pipeline\\Pipeline",
            "type": "->"
        },
        {
            "file": "C:\\laragon\\www\\practice\\vendor\\laravel\\framework\\src\\Illuminate\\Foundation\\Http\\Kernel.php",
            "line": 144,
            "function": "sendRequestThroughRouter",
            "class": "Illuminate\\Foundation\\Http\\Kernel",
            "type": "->"
        },
        {
            "file": "C:\\laragon\\www\\practice\\vendor\\laravel\\framework\\src\\Illuminate\\Foundation\\Application.php",
            "line": 1220,
            "function": "handle",
            "class": "Illuminate\\Foundation\\Http\\Kernel",
            "type": "->"
        },
        {
            "file": "C:\\laragon\\www\\practice\\public\\index.php",
            "line": 20,
            "function": "handleRequest",
            "class": "Illuminate\\Foundation\\Application",
            "type": "->"
        },
        {
            "file": "C:\\laragon\\www\\practice\\vendor\\laravel\\framework\\src\\Illuminate\\Foundation\\resources\\server.php",
            "line": 23,
            "function": "require_once"
        }
    ]
}
2026-07-22 17:52:35,932 ============================================================
2026-07-22 18:04:42,889 ============================================================
2026-07-22 18:04:42,889 Method : GET
2026-07-22 18:04:42,889 URL    : http://127.0.0.1:8000/api/products
2026-07-22 18:04:42,889 
Headers
2026-07-22 18:04:42,889 {
    "Content-Type": "application/json"
}
2026-07-22 18:04:42,890 
Request Body
2026-07-22 18:04:42,890 {}
2026-07-22 18:04:42,890 
Status Code : 200
2026-07-22 18:04:42,890 
Response
2026-07-22 18:04:42,891 [
    {
        "id": 1,
        "name": "explicabo",
        "price": 1005,
        "stock": 71,
        "created_at": "2026-06-29T15:44:33.000000Z",
        "updated_at": "2026-06-29T15:44:33.000000Z"
    },
    {
        "id": 2,
        "name": "et",
        "price": 4557,
        "stock": 79,
        "created_at": "2026-06-29T15:44:33.000000Z",
        "updated_at": "2026-06-29T15:44:33.000000Z"
    },
    {
        "id": 3,
        "name": "quia",
        "price": 2629,
        "stock": 72,
        "created_at": "2026-06-29T15:44:33.000000Z",
        "updated_at": "2026-06-29T15:44:33.000000Z"
    },
    {
        "id": 4,
        "name": "quo",
        "price": 2149,
        "stock": 23,
        "created_at": "2026-06-29T15:44:33.000000Z",
        "updated_at": "2026-06-29T15:44:33.000000Z"
    },
    {
        "id": 5,
        "name": "est",
        "price": 725,
        "stock": 100,
        "created_at": "2026-06-29T15:44:33.000000Z",
        "updated_at": "2026-06-29T15:44:33.000000Z"
    },
    {
        "id": 6,
        "name": "et",
        "price": 4176,
        "stock": 14,
        "created_at": "2026-06-29T15:44:33.000000Z",
        "updated_at": "2026-06-29T15:44:33.000000Z"
    },
    {
        "id": 7,
        "name": "voluptatem",
        "price": 1532,
        "stock": 11,
        "created_at": "2026-06-29T15:44:33.000000Z",
        "updated_at": "2026-06-29T15:44:33.000000Z"
    },
    {
        "id": 8,
        "name": "dolorum",
        "price": 519,
        "stock": 28,
        "created_at": "2026-06-29T15:44:33.000000Z",
        "updated_at": "2026-06-29T15:44:33.000000Z"
    },
    {
        "id": 9,
        "name": "incidunt",
        "price": 2305,
        "stock": 22,
        "created_at": "2026-06-29T15:44:33.000000Z",
        "updated_at": "2026-06-29T15:44:33.000000Z"
    },
    {
        "id": 10,
        "name": "assumenda",
        "price": 3336,
        "stock": 10,
        "created_at": "2026-06-29T15:44:33.000000Z",
        "updated_at": "2026-06-29T15:44:33.000000Z"
    },
    {
        "id": 11,
        "name": "nemo",
        "price": 4804,
        "stock": 8,
        "created_at": "2026-06-29T15:44:33.000000Z",
        "updated_at": "2026-06-29T15:44:33.000000Z"
    },
    {
        "id": 12,
        "name": "illo",
        "price": 2452,
        "stock": 40,
        "created_at": "2026-06-29T15:44:33.000000Z",
        "updated_at": "2026-06-29T15:44:33.000000Z"
    },
    {
        "id": 13,
        "name": "odit",
        "price": 1627,
        "stock": 36,
        "created_at": "2026-06-29T15:44:33.000000Z",
        "updated_at": "2026-06-29T15:44:33.000000Z"
    },
    {
        "id": 14,
        "name": "magnam",
        "price": 3733,
        "stock": 77,
        "created_at": "2026-06-29T15:44:33.000000Z",
        "updated_at": "2026-06-29T15:44:33.000000Z"
    },
    {
        "id": 15,
        "name": "quas",
        "price": 1586,
        "stock": 97,
        "created_at": "2026-06-29T15:44:33.000000Z",
        "updated_at": "2026-06-29T15:44:33.000000Z"
    },
    {
        "id": 16,
        "name": "ipsum",
        "price": 1725,
        "stock": 70,
        "created_at": "2026-06-29T15:44:33.000000Z",
        "updated_at": "2026-06-29T15:44:33.000000Z"
    },
    {
        "id": 17,
        "name": "et",
        "price": 2995,
        "stock": 96,
        "created_at": "2026-06-29T15:44:33.000000Z",
        "updated_at": "2026-06-29T15:44:33.000000Z"
    },
    {
        "id": 18,
        "name": "commodi",
        "price": 508,
        "stock": 85,
        "created_at": "2026-06-29T15:44:33.000000Z",
        "updated_at": "2026-06-29T15:44:33.000000Z"
    },
    {
        "id": 19,
        "name": "error",
        "price": 618,
        "stock": 38,
        "created_at": "2026-06-29T15:44:33.000000Z",
        "updated_at": "2026-06-29T15:44:33.000000Z"
    },
    {
        "id": 20,
        "name": "itaque",
        "price": 259,
        "stock": 22,
        "created_at": "2026-06-29T15:44:33.000000Z",
        "updated_at": "2026-06-29T15:44:33.000000Z"
    },
    {
        "id": 21,
        "name": "beatae",
        "price": 1210,
        "stock": 2,
        "created_at": "2026-06-29T15:44:33.000000Z",
        "updated_at": "2026-06-29T15:44:33.000000Z"
    },
    {
        "id": 22,
        "name": "voluptatem",
        "price": 229,
        "stock": 22,
        "created_at": "2026-06-29T15:44:33.000000Z",
        "updated_at": "2026-06-29T15:44:33.000000Z"
    },
    {
        "id": 23,
        "name": "esse",
        "price": 2876,
        "stock": 51,
        "created_at": "2026-06-29T15:44:33.000000Z",
        "updated_at": "2026-06-29T15:44:33.000000Z"
    },
    {
        "id": 24,
        "name": "in",
        "price": 2217,
        "stock": 70,
        "created_at": "2026-06-29T15:44:33.000000Z",
        "updated_at": "2026-06-29T15:44:33.000000Z"
    },
    {
        "id": 25,
        "name": "tempora",
        "price": 4071,
        "stock": 50,
        "created_at": "2026-06-29T15:44:33.000000Z",
        "updated_at": "2026-06-29T15:44:33.000000Z"
    },
    {
        "id": 26,
        "name": "nihil",
        "price": 3663,
        "stock": 37,
        "created_at": "2026-06-29T15:44:33.000000Z",
        "updated_at": "2026-06-29T15:44:33.000000Z"
    },
    {
        "id": 27,
        "name": "odio",
        "price": 2678,
        "stock": 45,
        "created_at": "2026-06-29T15:44:33.000000Z",
        "updated_at": "2026-06-29T15:44:33.000000Z"
    },
    {
        "id": 28,
        "name": "quos",
        "price": 3380,
        "stock": 68,
        "created_at": "2026-06-29T15:44:33.000000Z",
        "updated_at": "2026-06-29T15:44:33.000000Z"
    },
    {
        "id": 29,
        "name": "fuga",
        "price": 2101,
        "stock": 71,
        "created_at": "2026-06-29T15:44:33.000000Z",
        "updated_at": "2026-06-29T15:44:33.000000Z"
    },
    {
        "id": 30,
        "name": "sapiente",
        "price": 3496,
        "stock": 27,
        "created_at": "2026-06-29T15:44:33.000000Z",
        "updated_at": "2026-06-29T15:44:33.000000Z"
    },
    {
        "id": 31,
        "name": "ut",
        "price": 2672,
        "stock": 94,
        "created_at": "2026-06-29T15:44:33.000000Z",
        "updated_at": "2026-06-29T15:44:33.000000Z"
    },
    {
        "id": 32,
        "name": "rerum",
        "price": 1511,
        "stock": 22,
        "created_at": "2026-06-29T15:44:33.000000Z",
        "updated_at": "2026-06-29T15:44:33.000000Z"
    },
    {
        "id": 33,
        "name": "corrupti",
        "price": 4503,
        "stock": 35,
        "created_at": "2026-06-29T15:44:33.000000Z",
        "updated_at": "2026-06-29T15:44:33.000000Z"
    },
    {
        "id": 34,
        "name": "dignissimos",
        "price": 2874,
        "stock": 49,
        "created_at": "2026-06-29T15:44:33.000000Z",
        "updated_at": "2026-06-29T15:44:33.000000Z"
    },
    {
        "id": 35,
        "name": "est",
        "price": 268,
        "stock": 60,
        "created_at": "2026-06-29T15:44:33.000000Z",
        "updated_at": "2026-06-29T15:44:33.000000Z"
    },
    {
        "id": 36,
        "name": "aspernatur",
        "price": 1338,
        "stock": 41,
        "created_at": "2026-06-29T15:44:33.000000Z",
        "updated_at": "2026-06-29T15:44:33.000000Z"
    },
    {
        "id": 37,
        "name": "adipisci",
        "price": 2372,
        "stock": 58,
        "created_at": "2026-06-29T15:44:33.000000Z",
        "updated_at": "2026-06-29T15:44:33.000000Z"
    },
    {
        "id": 38,
        "name": "consequatur",
        "price": 4985,
        "stock": 93,
        "created_at": "2026-06-29T15:44:33.000000Z",
        "updated_at": "2026-06-29T15:44:33.000000Z"
    },
    {
        "id": 39,
        "name": "omnis",
        "price": 3056,
        "stock": 15,
        "created_at": "2026-06-29T15:44:33.000000Z",
        "updated_at": "2026-06-29T15:44:33.000000Z"
    },
    {
        "id": 40,
        "name": "omnis",
        "price": 952,
        "stock": 80,
        "created_at": "2026-06-29T15:44:33.000000Z",
        "updated_at": "2026-06-29T15:44:33.000000Z"
    },
    {
        "id": 41,
        "name": "voluptate",
        "price": 4923,
        "stock": 95,
        "created_at": "2026-06-29T15:44:33.000000Z",
        "updated_at": "2026-06-29T15:44:33.000000Z"
    },
    {
        "id": 42,
        "name": "laborum",
        "price": 626,
        "stock": 51,
        "created_at": "2026-06-29T15:44:33.000000Z",
        "updated_at": "2026-06-29T15:44:33.000000Z"
    },
    {
        "id": 43,
        "name": "laboriosam",
        "price": 1126,
        "stock": 37,
        "created_at": "2026-06-29T15:44:33.000000Z",
        "updated_at": "2026-06-29T15:44:33.000000Z"
    },
    {
        "id": 44,
        "name": "at",
        "price": 4642,
        "stock": 38,
        "created_at": "2026-06-29T15:44:33.000000Z",
        "updated_at": "2026-06-29T15:44:33.000000Z"
    },
    {
        "id": 45,
        "name": "soluta",
        "price": 2054,
        "stock": 61,
        "created_at": "2026-06-29T15:44:33.000000Z",
        "updated_at": "2026-06-29T15:44:33.000000Z"
    },
    {
        "id": 46,
        "name": "vel",
        "price": 4534,
        "stock": 85,
        "created_at": "2026-06-29T15:44:33.000000Z",
        "updated_at": "2026-06-29T15:44:33.000000Z"
    },
    {
        "id": 47,
        "name": "veritatis",
        "price": 2382,
        "stock": 66,
        "created_at": "2026-06-29T15:44:33.000000Z",
        "updated_at": "2026-06-29T15:44:33.000000Z"
    },
    {
        "id": 48,
        "name": "deleniti",
        "price": 2290,
        "stock": 56,
        "created_at": "2026-06-29T15:44:33.000000Z",
        "updated_at": "2026-06-29T15:44:33.000000Z"
    },
    {
        "id": 49,
        "name": "earum",
        "price": 2267,
        "stock": 79,
        "created_at": "2026-06-29T15:44:33.000000Z",
        "updated_at": "2026-06-29T15:44:33.000000Z"
    },
    {
        "id": 50,
        "name": "quisquam",
        "price": 801,
        "stock": 45,
        "created_at": "2026-06-29T15:44:33.000000Z",
        "updated_at": "2026-06-29T15:44:33.000000Z"
    },
    {
        "id": 51,
        "name": "beatae",
        "price": 3439,
        "stock": 98,
        "created_at": "2026-06-29T15:44:33.000000Z",
        "updated_at": "2026-06-29T15:44:33.000000Z"
    },
    {
        "id": 52,
        "name": "consequatur",
        "price": 928,
        "stock": 48,
        "created_at": "2026-06-29T15:44:33.000000Z",
        "updated_at": "2026-06-29T15:44:33.000000Z"
    },
    {
        "id": 53,
        "name": "nam",
        "price": 4145,
        "stock": 90,
        "created_at": "2026-06-29T15:44:33.000000Z",
        "updated_at": "2026-06-29T15:44:33.000000Z"
    },
    {
        "id": 54,
        "name": "dolorem",
        "price": 393,
        "stock": 65,
        "created_at": "2026-06-29T15:44:33.000000Z",
        "updated_at": "2026-06-29T15:44:33.000000Z"
    },
    {
        "id": 55,
        "name": "illo",
        "price": 1635,
        "stock": 83,
        "created_at": "2026-06-29T15:44:33.000000Z",
        "updated_at": "2026-06-29T15:44:33.000000Z"
    },
    {
        "id": 56,
        "name": "placeat",
        "price": 2861,
        "stock": 71,
        "created_at": "2026-06-29T15:44:33.000000Z",
        "updated_at": "2026-06-29T15:44:33.000000Z"
    },
    {
        "id": 57,
        "name": "laudantium",
        "price": 3513,
        "stock": 94,
        "created_at": "2026-06-29T15:44:33.000000Z",
        "updated_at": "2026-06-29T15:44:33.000000Z"
    },
    {
        "id": 58,
        "name": "eligendi",
        "price": 2687,
        "stock": 39,
        "created_at": "2026-06-29T15:44:33.000000Z",
        "updated_at": "2026-06-29T15:44:33.000000Z"
    },
    {
        "id": 59,
        "name": "praesentium",
        "price": 3632,
        "stock": 44,
        "created_at": "2026-06-29T15:44:33.000000Z",
        "updated_at": "2026-06-29T15:44:33.000000Z"
    },
    {
        "id": 60,
        "name": "consequatur",
        "price": 4080,
        "stock": 55,
        "created_at": "2026-06-29T15:44:33.000000Z",
        "updated_at": "2026-06-29T15:44:33.000000Z"
    },
    {
        "id": 61,
        "name": "quas",
        "price": 3051,
        "stock": 43,
        "created_at": "2026-06-29T15:44:33.000000Z",
        "updated_at": "2026-06-29T15:44:33.000000Z"
    },
    {
        "id": 62,
        "name": "officia",
        "price": 1668,
        "stock": 41,
        "created_at": "2026-06-29T15:44:33.000000Z",
        "updated_at": "2026-06-29T15:44:33.000000Z"
    },
    {
        "id": 63,
        "name": "et",
        "price": 3486,
        "stock": 53,
        "created_at": "2026-06-29T15:44:33.000000Z",
        "updated_at": "2026-06-29T15:44:33.000000Z"
    },
    {
        "id": 64,
        "name": "et",
        "price": 3648,
        "stock": 57,
        "created_at": "2026-06-29T15:44:33.000000Z",
        "updated_at": "2026-06-29T15:44:33.000000Z"
    },
    {
        "id": 65,
        "name": "distinctio",
        "price": 1142,
        "stock": 37,
        "created_at": "2026-06-29T15:44:33.000000Z",
        "updated_at": "2026-06-29T15:44:33.000000Z"
    },
    {
        "id": 66,
        "name": "itaque",
        "price": 4258,
        "stock": 12,
        "created_at": "2026-06-29T15:44:33.000000Z",
        "updated_at": "2026-06-29T15:44:33.000000Z"
    },
    {
        "id": 67,
        "name": "labore",
        "price": 1122,
        "stock": 8,
        "created_at": "2026-06-29T15:44:33.000000Z",
        "updated_at": "2026-06-29T15:44:33.000000Z"
    },
    {
        "id": 68,
        "name": "eum",
        "price": 2193,
        "stock": 98,
        "created_at": "2026-06-29T15:44:33.000000Z",
        "updated_at": "2026-06-29T15:44:33.000000Z"
    },
    {
        "id": 69,
        "name": "sit",
        "price": 1152,
        "stock": 29,
        "created_at": "2026-06-29T15:44:33.000000Z",
        "updated_at": "2026-06-29T15:44:33.000000Z"
    },
    {
        "id": 70,
        "name": "rem",
        "price": 425,
        "stock": 91,
        "created_at": "2026-06-29T15:44:33.000000Z",
        "updated_at": "2026-06-29T15:44:33.000000Z"
    },
    {
        "id": 71,
        "name": "voluptatem",
        "price": 3822,
        "stock": 21,
        "created_at": "2026-06-29T15:44:33.000000Z",
        "updated_at": "2026-06-29T15:44:33.000000Z"
    },
    {
        "id": 72,
        "name": "et",
        "price": 2460,
        "stock": 19,
        "created_at": "2026-06-29T15:44:33.000000Z",
        "updated_at": "2026-06-29T15:44:33.000000Z"
    },
    {
        "id": 73,
        "name": "dolorum",
        "price": 824,
        "stock": 7,
        "created_at": "2026-06-29T15:44:33.000000Z",
        "updated_at": "2026-06-29T15:44:33.000000Z"
    },
    {
        "id": 74,
        "name": "aspernatur",
        "price": 3033,
        "stock": 32,
        "created_at": "2026-06-29T15:44:33.000000Z",
        "updated_at": "2026-06-29T15:44:33.000000Z"
    },
    {
        "id": 75,
        "name": "consectetur",
        "price": 4123,
        "stock": 54,
        "created_at": "2026-06-29T15:44:33.000000Z",
        "updated_at": "2026-06-29T15:44:33.000000Z"
    },
    {
        "id": 76,
        "name": "cupiditate",
        "price": 1747,
        "stock": 17,
        "created_at": "2026-06-29T15:44:33.000000Z",
        "updated_at": "2026-06-29T15:44:33.000000Z"
    },
    {
        "id": 77,
        "name": "molestias",
        "price": 2269,
        "stock": 63,
        "created_at": "2026-06-29T15:44:33.000000Z",
        "updated_at": "2026-06-29T15:44:33.000000Z"
    },
    {
        "id": 78,
        "name": "quasi",
        "price": 4312,
        "stock": 62,
        "created_at": "2026-06-29T15:44:33.000000Z",
        "updated_at": "2026-06-29T15:44:33.000000Z"
    },
    {
        "id": 79,
        "name": "quia",
        "price": 810,
        "stock": 49,
        "created_at": "2026-06-29T15:44:33.000000Z",
        "updated_at": "2026-06-29T15:44:33.000000Z"
    },
    {
        "id": 80,
        "name": "et",
        "price": 1838,
        "stock": 66,
        "created_at": "2026-06-29T15:44:33.000000Z",
        "updated_at": "2026-06-29T15:44:33.000000Z"
    },
    {
        "id": 81,
        "name": "earum",
        "price": 1893,
        "stock": 75,
        "created_at": "2026-06-29T15:44:33.000000Z",
        "updated_at": "2026-06-29T15:44:33.000000Z"
    },
    {
        "id": 82,
        "name": "soluta",
        "price": 2928,
        "stock": 81,
        "created_at": "2026-06-29T15:44:33.000000Z",
        "updated_at": "2026-06-29T15:44:33.000000Z"
    },
    {
        "id": 83,
        "name": "numquam",
        "price": 4746,
        "stock": 60,
        "created_at": "2026-06-29T15:44:33.000000Z",
        "updated_at": "2026-06-29T15:44:33.000000Z"
    },
    {
        "id": 84,
        "name": "distinctio",
        "price": 4187,
        "stock": 88,
        "created_at": "2026-06-29T15:44:33.000000Z",
        "updated_at": "2026-06-29T15:44:33.000000Z"
    },
    {
        "id": 85,
        "name": "ut",
        "price": 754,
        "stock": 61,
        "created_at": "2026-06-29T15:44:33.000000Z",
        "updated_at": "2026-06-29T15:44:33.000000Z"
    },
    {
        "id": 86,
        "name": "culpa",
        "price": 2230,
        "stock": 87,
        "created_at": "2026-06-29T15:44:33.000000Z",
        "updated_at": "2026-06-29T15:44:33.000000Z"
    },
    {
        "id": 87,
        "name": "nostrum",
        "price": 4847,
        "stock": 93,
        "created_at": "2026-06-29T15:44:33.000000Z",
        "updated_at": "2026-06-29T15:44:33.000000Z"
    },
    {
        "id": 88,
        "name": "reprehenderit",
        "price": 3968,
        "stock": 94,
        "created_at": "2026-06-29T15:44:33.000000Z",
        "updated_at": "2026-06-29T15:44:33.000000Z"
    },
    {
        "id": 89,
        "name": "voluptatem",
        "price": 2120,
        "stock": 28,
        "created_at": "2026-06-29T15:44:33.000000Z",
        "updated_at": "2026-06-29T15:44:33.000000Z"
    },
    {
        "id": 90,
        "name": "accusantium",
        "price": 2027,
        "stock": 5,
        "created_at": "2026-06-29T15:44:33.000000Z",
        "updated_at": "2026-06-29T15:44:33.000000Z"
    },
    {
        "id": 91,
        "name": "illo",
        "price": 2267,
        "stock": 36,
        "created_at": "2026-06-29T15:44:33.000000Z",
        "updated_at": "2026-06-29T15:44:33.000000Z"
    },
    {
        "id": 92,
        "name": "possimus",
        "price": 4237,
        "stock": 70,
        "created_at": "2026-06-29T15:44:33.000000Z",
        "updated_at": "2026-06-29T15:44:33.000000Z"
    },
    {
        "id": 93,
        "name": "quas",
        "price": 903,
        "stock": 43,
        "created_at": "2026-06-29T15:44:33.000000Z",
        "updated_at": "2026-06-29T15:44:33.000000Z"
    },
    {
        "id": 94,
        "name": "consectetur",
        "price": 1997,
        "stock": 12,
        "created_at": "2026-06-29T15:44:33.000000Z",
        "updated_at": "2026-06-29T15:44:33.000000Z"
    },
    {
        "id": 95,
        "name": "beatae",
        "price": 456,
        "stock": 81,
        "created_at": "2026-06-29T15:44:33.000000Z",
        "updated_at": "2026-06-29T15:44:33.000000Z"
    },
    {
        "id": 96,
        "name": "maiores",
        "price": 4518,
        "stock": 51,
        "created_at": "2026-06-29T15:44:33.000000Z",
        "updated_at": "2026-06-29T15:44:33.000000Z"
    },
    {
        "id": 97,
        "name": "autem",
        "price": 1989,
        "stock": 87,
        "created_at": "2026-06-29T15:44:33.000000Z",
        "updated_at": "2026-06-29T15:44:33.000000Z"
    },
    {
        "id": 98,
        "name": "aliquid",
        "price": 3115,
        "stock": 82,
        "created_at": "2026-06-29T15:44:33.000000Z",
        "updated_at": "2026-06-29T15:44:33.000000Z"
    },
    {
        "id": 99,
        "name": "eligendi",
        "price": 1867,
        "stock": 80,
        "created_at": "2026-06-29T15:44:33.000000Z",
        "updated_at": "2026-06-29T15:44:33.000000Z"
    },
    {
        "id": 100,
        "name": "voluptatem",
        "price": 3205,
        "stock": 83,
        "created_at": "2026-06-29T15:44:33.000000Z",
        "updated_at": "2026-06-29T15:44:33.000000Z"
    },
    {
        "id": 103,
        "name": "debby",
        "price": 9999,
        "stock": 0,
        "created_at": "2026-07-08T08:22:23.000000Z",
        "updated_at": "2026-07-08T08:22:23.000000Z"
    },
    {
        "id": 104,
        "name": "MacBook Pro",
        "price": 65000,
        "stock": 20,
        "created_at": "2026-07-09T05:07:50.000000Z",
        "updated_at": "2026-07-09T05:07:50.000000Z"
    },
    {
        "id": 105,
        "name": "MacBook Pro",
        "price": 65000,
        "stock": 20,
        "created_at": "2026-07-09T05:13:02.000000Z",
        "updated_at": "2026-07-09T05:13:02.000000Z"
    },
    {
        "id": 107,
        "name": "MacBook Pro",
        "price": 65000,
        "stock": 20,
        "created_at": "2026-07-09T07:50:17.000000Z",
        "updated_at": "2026-07-09T07:50:17.000000Z"
    },
    {
        "id": 113,
        "name": "iPhone 18",
        "price": 39999,
        "stock": 22,
        "created_at": "2026-07-10T08:37:18.000000Z",
        "updated_at": "2026-07-10T08:37:18.000000Z"
    },
    {
        "id": 114,
        "name": "iPhone 18",
        "price": 39999,
        "stock": 22,
        "created_at": "2026-07-10T09:43:14.000000Z",
        "updated_at": "2026-07-10T09:43:14.000000Z"
    },
    {
        "id": 115,
        "name": "Pixel 10",
        "price": 32000,
        "stock": 30,
        "created_at": "2026-07-10T09:43:14.000000Z",
        "updated_at": "2026-07-10T09:43:14.000000Z"
    },
    {
        "id": 116,
        "name": "iPhone 18",
        "price": 39999,
        "stock": 22,
        "created_at": "2026-07-10T09:43:44.000000Z",
        "updated_at": "2026-07-10T09:43:44.000000Z"
    },
    {
        "id": 117,
        "name": "Pixel 10",
        "price": 32000,
        "stock": 30,
        "created_at": "2026-07-10T09:43:45.000000Z",
        "updated_at": "2026-07-10T09:43:45.000000Z"
    },
    {
        "id": 118,
        "name": "iPhone 18",
        "price": 39999,
        "stock": 22,
        "created_at": "2026-07-10T09:47:01.000000Z",
        "updated_at": "2026-07-10T09:47:01.000000Z"
    },
    {
        "id": 119,
        "name": "Pixel 10",
        "price": 32000,
        "stock": 30,
        "created_at": "2026-07-10T09:47:02.000000Z",
        "updated_at": "2026-07-10T09:47:02.000000Z"
    },
    {
        "id": 120,
        "name": "iPhone 18",
        "price": 39999,
        "stock": 22,
        "created_at": "2026-07-10T09:50:47.000000Z",
        "updated_at": "2026-07-10T09:50:47.000000Z"
    },
    {
        "id": 121,
        "name": "Pixel 10",
        "price": 32000,
        "stock": 30,
        "created_at": "2026-07-10T09:50:48.000000Z",
        "updated_at": "2026-07-10T09:50:48.000000Z"
    },
    {
        "id": 122,
        "name": "iPhone 18",
        "price": 39999,
        "stock": 22,
        "created_at": "2026-07-10T09:56:02.000000Z",
        "updated_at": "2026-07-10T09:56:02.000000Z"
    },
    {
        "id": 123,
        "name": "Pixel 10",
        "price": 32000,
        "stock": 30,
        "created_at": "2026-07-10T09:56:02.000000Z",
        "updated_at": "2026-07-10T09:56:02.000000Z"
    },
    {
        "id": 124,
        "name": "iPhone 18",
        "price": 39999,
        "stock": 22,
        "created_at": "2026-07-10T09:57:03.000000Z",
        "updated_at": "2026-07-10T09:57:03.000000Z"
    },
    {
        "id": 125,
        "name": "Pixel 10",
        "price": 32000,
        "stock": 30,
        "created_at": "2026-07-10T09:57:04.000000Z",
        "updated_at": "2026-07-10T09:57:04.000000Z"
    },
    {
        "id": 126,
        "name": "iPhone 18",
        "price": 39999,
        "stock": 22,
        "created_at": "2026-07-10T09:58:14.000000Z",
        "updated_at": "2026-07-10T09:58:14.000000Z"
    },
    {
        "id": 127,
        "name": "Pixel 10",
        "price": 32000,
        "stock": 30,
        "created_at": "2026-07-10T09:58:14.000000Z",
        "updated_at": "2026-07-10T09:58:14.000000Z"
    },
    {
        "id": 128,
        "name": "iPhone 18",
        "price": 39999,
        "stock": 22,
        "created_at": "2026-07-10T09:59:12.000000Z",
        "updated_at": "2026-07-10T09:59:12.000000Z"
    },
    {
        "id": 129,
        "name": "Pixel 10",
        "price": 32000,
        "stock": 30,
        "created_at": "2026-07-10T09:59:13.000000Z",
        "updated_at": "2026-07-10T09:59:13.000000Z"
    },
    {
        "id": 130,
        "name": "iPhone 18",
        "price": 39999,
        "stock": 22,
        "created_at": "2026-07-10T09:59:58.000000Z",
        "updated_at": "2026-07-10T09:59:58.000000Z"
    },
    {
        "id": 131,
        "name": "Pixel 10",
        "price": 32000,
        "stock": 30,
        "created_at": "2026-07-10T09:59:59.000000Z",
        "updated_at": "2026-07-10T09:59:59.000000Z"
    },
    {
        "id": 132,
        "name": "iPhone 18",
        "price": 39999,
        "stock": 22,
        "created_at": "2026-07-13T09:38:23.000000Z",
        "updated_at": "2026-07-13T09:38:23.000000Z"
    },
    {
        "id": 133,
        "name": "Pixel 10",
        "price": 32000,
        "stock": 30,
        "created_at": "2026-07-13T09:38:24.000000Z",
        "updated_at": "2026-07-13T09:38:24.000000Z"
    },
    {
        "id": 134,
        "name": "Pixel 10 Pro",
        "price": 38000,
        "stock": 40,
        "created_at": "2026-07-13T09:38:25.000000Z",
        "updated_at": "2026-07-13T09:38:26.000000Z"
    },
    {
        "id": 136,
        "name": "Pixel_1784111898",
        "price": 32000,
        "stock": 30,
        "created_at": "2026-07-15T10:38:18.000000Z",
        "updated_at": "2026-07-15T10:38:18.000000Z"
    },
    {
        "id": 137,
        "name": "Pixel_1784111898",
        "price": 32000,
        "stock": 30,
        "created_at": "2026-07-15T10:38:19.000000Z",
        "updated_at": "2026-07-15T10:38:19.000000Z"
    },
    {
        "id": 138,
        "name": "Pixel_1784111899",
        "price": 38000,
        "stock": 40,
        "created_at": "2026-07-15T10:38:19.000000Z",
        "updated_at": "2026-07-15T10:38:19.000000Z"
    },
    {
        "id": 140,
        "name": "Pixel_1784112563",
        "price": 32000,
        "stock": 30,
        "created_at": "2026-07-15T10:49:23.000000Z",
        "updated_at": "2026-07-15T10:49:23.000000Z"
    },
    {
        "id": 141,
        "name": "Pixel_1784112563",
        "price": 32000,
        "stock": 30,
        "created_at": "2026-07-15T10:49:23.000000Z",
        "updated_at": "2026-07-15T10:49:23.000000Z"
    },
    {
        "id": 142,
        "name": "Pixel_1784112564",
        "price": 38000,
        "stock": 40,
        "created_at": "2026-07-15T10:49:24.000000Z",
        "updated_at": "2026-07-15T10:49:24.000000Z"
    },
    {
        "id": 144,
        "name": "Pixel_3e77f7b2",
        "price": 32000,
        "stock": 30,
        "created_at": "2026-07-16T06:58:47.000000Z",
        "updated_at": "2026-07-16T06:58:47.000000Z"
    },
    {
        "id": 145,
        "name": "Pixel_fa7ea964",
        "price": 32000,
        "stock": 30,
        "created_at": "2026-07-16T06:58:48.000000Z",
        "updated_at": "2026-07-16T06:58:48.000000Z"
    },
    {
        "id": 146,
        "name": "Pixel_a00ee6c6",
        "price": 38000,
        "stock": 40,
        "created_at": "2026-07-16T06:58:49.000000Z",
        "updated_at": "2026-07-16T06:58:49.000000Z"
    },
    {
        "id": 148,
        "name": "Pixel_fe94c9a7",
        "price": 32000,
        "stock": 30,
        "created_at": "2026-07-16T07:07:59.000000Z",
        "updated_at": "2026-07-16T07:07:59.000000Z"
    },
    {
        "id": 149,
        "name": "Pixel_1e4bdf6d",
        "price": 32000,
        "stock": 30,
        "created_at": "2026-07-16T07:07:59.000000Z",
        "updated_at": "2026-07-16T07:07:59.000000Z"
    },
    {
        "id": 150,
        "name": "Pixel_b6d42ddc",
        "price": 38000,
        "stock": 40,
        "created_at": "2026-07-16T07:07:59.000000Z",
        "updated_at": "2026-07-16T07:08:00.000000Z"
    },
    {
        "id": 152,
        "name": "Pixel_0951f9d5",
        "price": 32000,
        "stock": 30,
        "created_at": "2026-07-16T07:10:43.000000Z",
        "updated_at": "2026-07-16T07:10:43.000000Z"
    },
    {
        "id": 153,
        "name": "Pixel_8f9c9353",
        "price": 32000,
        "stock": 30,
        "created_at": "2026-07-16T07:10:43.000000Z",
        "updated_at": "2026-07-16T07:10:43.000000Z"
    },
    {
        "id": 154,
        "name": "Pixel_e3066c8f",
        "price": 38000,
        "stock": 40,
        "created_at": "2026-07-16T07:10:44.000000Z",
        "updated_at": "2026-07-16T07:10:44.000000Z"
    },
    {
        "id": 156,
        "name": "Pixel_d8c53863",
        "price": 32000,
        "stock": 30,
        "created_at": "2026-07-16T07:15:44.000000Z",
        "updated_at": "2026-07-16T07:15:44.000000Z"
    },
    {
        "id": 157,
        "name": "Pixel_c0cd3876",
        "price": 32000,
        "stock": 30,
        "created_at": "2026-07-16T07:15:45.000000Z",
        "updated_at": "2026-07-16T07:15:45.000000Z"
    },
    {
        "id": 158,
        "name": "Pixel_53a0dc3e",
        "price": 38000,
        "stock": 40,
        "created_at": "2026-07-16T07:15:45.000000Z",
        "updated_at": "2026-07-16T07:15:45.000000Z"
    },
    {
        "id": 160,
        "name": "Pixel_521f0463",
        "price": 32000,
        "stock": 30,
        "created_at": "2026-07-16T07:24:25.000000Z",
        "updated_at": "2026-07-16T07:24:25.000000Z"
    },
    {
        "id": 161,
        "name": "Pixel_70e5703b",
        "price": 32000,
        "stock": 30,
        "created_at": "2026-07-16T07:24:26.000000Z",
        "updated_at": "2026-07-16T07:24:26.000000Z"
    },
    {
        "id": 162,
        "name": "Pixel_9ad7031a",
        "price": 38000,
        "stock": 40,
        "created_at": "2026-07-16T07:24:27.000000Z",
        "updated_at": "2026-07-16T07:24:27.000000Z"
    },
    {
        "id": 164,
        "name": "Pixel_Pixel_7531507e",
        "price": 32000,
        "stock": 40,
        "created_at": "2026-07-16T07:24:29.000000Z",
        "updated_at": "2026-07-16T07:24:29.000000Z"
    },
    {
        "id": 165,
        "name": "iPhone_Pixel_9bfa0a89",
        "price": 45000,
        "stock": 30,
        "created_at": "2026-07-16T07:24:29.000000Z",
        "updated_at": "2026-07-16T07:24:29.000000Z"
    },
    {
        "id": 166,
        "name": "Galaxy_Pixel_6aaceb1e",
        "price": 28000,
        "stock": 35,
        "created_at": "2026-07-16T07:24:30.000000Z",
        "updated_at": "2026-07-16T07:24:30.000000Z"
    },
    {
        "id": 167,
        "name": "Pixel_af12fab7",
        "price": 32000,
        "stock": 30,
        "created_at": "2026-07-16T07:27:14.000000Z",
        "updated_at": "2026-07-16T07:27:14.000000Z"
    },
    {
        "id": 168,
        "name": "Pixel_086c52c1",
        "price": 32000,
        "stock": 30,
        "created_at": "2026-07-16T07:27:14.000000Z",
        "updated_at": "2026-07-16T07:27:14.000000Z"
    },
    {
        "id": 169,
        "name": "Pixel_16609355",
        "price": 38000,
        "stock": 40,
        "created_at": "2026-07-16T07:27:15.000000Z",
        "updated_at": "2026-07-16T07:27:15.000000Z"
    },
    {
        "id": 171,
        "name": "Pixel_Pixel_244223ad",
        "price": 32000,
        "stock": 40,
        "created_at": "2026-07-16T07:27:17.000000Z",
        "updated_at": "2026-07-16T07:27:17.000000Z"
    },
    {
        "id": 172,
        "name": "iPhone_Pixel_143c3f7e",
        "price": 45000,
        "stock": 30,
        "created_at": "2026-07-16T07:27:17.000000Z",
        "updated_at": "2026-07-16T07:27:17.000000Z"
    },
    {
        "id": 173,
        "name": "Galaxy_Pixel_e255952f",
        "price": 28000,
        "stock": 35,
        "created_at": "2026-07-16T07:27:18.000000Z",
        "updated_at": "2026-07-16T07:27:18.000000Z"
    },
    {
        "id": 174,
        "name": "Pixel_1bd73e68",
        "price": 32000,
        "stock": 30,
        "created_at": "2026-07-17T02:01:04.000000Z",
        "updated_at": "2026-07-17T02:01:04.000000Z"
    },
    {
        "id": 175,
        "name": "Pixel_100609e9",
        "price": 32000,
        "stock": 30,
        "created_at": "2026-07-17T02:01:05.000000Z",
        "updated_at": "2026-07-17T02:01:05.000000Z"
    },
    {
        "id": 176,
        "name": "Pixel_b80718eb",
        "price": 38000,
        "stock": 40,
        "created_at": "2026-07-17T02:01:06.000000Z",
        "updated_at": "2026-07-17T02:01:07.000000Z"
    },
    {
        "id": 178,
        "name": "Pixel_da2dbbfe",
        "price": 32000,
        "stock": 30,
        "created_at": "2026-07-17T02:12:51.000000Z",
        "updated_at": "2026-07-17T02:12:51.000000Z"
    },
    {
        "id": 179,
        "name": "Pixel_7610e3ac",
        "price": 32000,
        "stock": 30,
        "created_at": "2026-07-17T02:12:51.000000Z",
        "updated_at": "2026-07-17T02:12:51.000000Z"
    },
    {
        "id": 180,
        "name": "Pixel_2058d6fa",
        "price": 38000,
        "stock": 40,
        "created_at": "2026-07-17T02:12:52.000000Z",
        "updated_at": "2026-07-17T02:12:52.000000Z"
    },
    {
        "id": 182,
        "name": "Pixel_7353ea32",
        "price": 32000,
        "stock": 30,
        "created_at": "2026-07-17T02:13:03.000000Z",
        "updated_at": "2026-07-17T02:13:03.000000Z"
    },
    {
        "id": 183,
        "name": "Pixel_9ab9fa5b",
        "price": 32000,
        "stock": 30,
        "created_at": "2026-07-17T02:13:03.000000Z",
        "updated_at": "2026-07-17T02:13:03.000000Z"
    },
    {
        "id": 184,
        "name": "Pixel_c331f61f",
        "price": 38000,
        "stock": 40,
        "created_at": "2026-07-17T02:13:04.000000Z",
        "updated_at": "2026-07-17T02:13:04.000000Z"
    },
    {
        "id": 186,
        "name": "Pixel_b2283669",
        "price": 32000,
        "stock": 30,
        "created_at": "2026-07-20T10:14:48.000000Z",
        "updated_at": "2026-07-20T10:14:48.000000Z"
    },
    {
        "id": 187,
        "name": "Pixel_04493fdc",
        "price": 32000,
        "stock": 30,
        "created_at": "2026-07-20T10:14:49.000000Z",
        "updated_at": "2026-07-20T10:14:49.000000Z"
    },
    {
        "id": 188,
        "name": "Pixel_91171ecb",
        "price": 38000,
        "stock": 40,
        "created_at": "2026-07-20T10:14:50.000000Z",
        "updated_at": "2026-07-20T10:14:51.000000Z"
    },
    {
        "id": 190,
        "name": "Pixel_58fe389b",
        "price": 32000,
        "stock": 30,
        "created_at": "2026-07-20T10:19:31.000000Z",
        "updated_at": "2026-07-20T10:19:31.000000Z"
    },
    {
        "id": 191,
        "name": "Pixel_40dcf417",
        "price": 32000,
        "stock": 30,
        "created_at": "2026-07-20T10:19:32.000000Z",
        "updated_at": "2026-07-20T10:19:32.000000Z"
    },
    {
        "id": 192,
        "name": "Pixel_b7b9bbaa",
        "price": 38000,
        "stock": 40,
        "created_at": "2026-07-20T10:19:32.000000Z",
        "updated_at": "2026-07-20T10:19:33.000000Z"
    },
    {
        "id": 194,
        "name": "Pixel_9b640bd5",
        "price": 32000,
        "stock": 30,
        "created_at": "2026-07-21T08:27:02.000000Z",
        "updated_at": "2026-07-21T08:27:02.000000Z"
    },
    {
        "id": 195,
        "name": "Pixel_8d9faa53",
        "price": 32000,
        "stock": 30,
        "created_at": "2026-07-21T08:27:03.000000Z",
        "updated_at": "2026-07-21T08:27:03.000000Z"
    },
    {
        "id": 196,
        "name": "Pixel_21a0ea1b",
        "price": 38000,
        "stock": 40,
        "created_at": "2026-07-21T08:27:04.000000Z",
        "updated_at": "2026-07-21T08:27:04.000000Z"
    },
    {
        "id": 198,
        "name": "Pixel_8dfe68e3",
        "price": 32000,
        "stock": 30,
        "created_at": "2026-07-21T10:42:06.000000Z",
        "updated_at": "2026-07-21T10:42:06.000000Z"
    },
    {
        "id": 199,
        "name": "Pixel_d0255e08",
        "price": 32000,
        "stock": 30,
        "created_at": "2026-07-21T10:42:06.000000Z",
        "updated_at": "2026-07-21T10:42:06.000000Z"
    },
    {
        "id": 200,
        "name": "Pixel_7117edf6",
        "price": 32000,
        "stock": 30,
        "created_at": "2026-07-21T10:42:06.000000Z",
        "updated_at": "2026-07-21T10:42:06.000000Z"
    },
    {
        "id": 201,
        "name": "Pixel_e174191b",
        "price": 32000,
        "stock": 30,
        "created_at": "2026-07-21T10:42:06.000000Z",
        "updated_at": "2026-07-21T10:42:06.000000Z"
    },
    {
        "id": 202,
        "name": "Pixel_10b5b2e5",
        "price": 32000,
        "stock": 30,
        "created_at": "2026-07-21T10:50:35.000000Z",
        "updated_at": "2026-07-21T10:50:35.000000Z"
    },
    {
        "id": 203,
        "name": "Pixel_6f6c1091",
        "price": 32000,
        "stock": 30,
        "created_at": "2026-07-21T10:50:36.000000Z",
        "updated_at": "2026-07-21T10:50:36.000000Z"
    },
    {
        "id": 204,
        "name": "Pixel_1ffbfaf8",
        "price": 38000,
        "stock": 40,
        "created_at": "2026-07-21T10:50:36.000000Z",
        "updated_at": "2026-07-21T10:50:36.000000Z"
    },
    {
        "id": 206,
        "name": "Pixel_460ee900",
        "price": 32000,
        "stock": 30,
        "created_at": "2026-07-22T09:52:33.000000Z",
        "updated_at": "2026-07-22T09:52:33.000000Z"
    },
    {
        "id": 207,
        "name": "Pixel_69257663",
        "price": 32000,
        "stock": 30,
        "created_at": "2026-07-22T09:52:35.000000Z",
        "updated_at": "2026-07-22T09:52:35.000000Z"
    }
]
2026-07-22 18:04:42,892 ============================================================
2026-07-22 18:04:43,283 ============================================================
2026-07-22 18:04:43,283 Method : POST
2026-07-22 18:04:43,283 URL    : http://127.0.0.1:8000/api/products
2026-07-22 18:04:43,283 
Headers
2026-07-22 18:04:43,283 {
    "Content-Type": "application/json"
}
2026-07-22 18:04:43,284 
Request Body
2026-07-22 18:04:43,284 {
    "name": "Pixel_c2d8d613",
    "price": 32000,
    "stock": 30
}
2026-07-22 18:04:43,284 
Status Code : 201
2026-07-22 18:04:43,284 
Response
2026-07-22 18:04:43,284 {
    "name": "Pixel_c2d8d613",
    "price": 32000,
    "stock": 30,
    "updated_at": "2026-07-22T10:04:43.000000Z",
    "created_at": "2026-07-22T10:04:43.000000Z",
    "id": 209
}
2026-07-22 18:04:43,284 ============================================================
2026-07-22 18:04:43,738 ============================================================
2026-07-22 18:04:43,739 Method : POST
2026-07-22 18:04:43,739 URL    : http://127.0.0.1:8000/api/products
2026-07-22 18:04:43,739 
Headers
2026-07-22 18:04:43,739 {
    "Content-Type": "application/json"
}
2026-07-22 18:04:43,739 
Request Body
2026-07-22 18:04:43,739 {
    "name": "Pixel_9c5442db",
    "price": 32000,
    "stock": 30
}
2026-07-22 18:04:43,739 
Status Code : 201
2026-07-22 18:04:43,739 
Response
2026-07-22 18:04:43,739 {
    "name": "Pixel_9c5442db",
    "price": 32000,
    "stock": 30,
    "updated_at": "2026-07-22T10:04:43.000000Z",
    "created_at": "2026-07-22T10:04:43.000000Z",
    "id": 210
}
2026-07-22 18:04:43,739 ============================================================
2026-07-22 18:04:44,150 ============================================================
2026-07-22 18:04:44,151 Method : GET
2026-07-22 18:04:44,151 URL    : http://127.0.0.1:8000/api/products/210
2026-07-22 18:04:44,151 
Headers
2026-07-22 18:04:44,151 {
    "Content-Type": "application/json"
}
2026-07-22 18:04:44,151 
Request Body
2026-07-22 18:04:44,151 {}
2026-07-22 18:04:44,151 
Status Code : 200
2026-07-22 18:04:44,151 
Response
2026-07-22 18:04:44,151 {
    "id": 210,
    "name": "Pixel_9c5442db",
    "price": 32000,
    "stock": 30,
    "created_at": "2026-07-22T10:04:43.000000Z",
    "updated_at": "2026-07-22T10:04:43.000000Z"
}
2026-07-22 18:04:44,151 ============================================================
2026-07-22 18:04:44,500 ============================================================
2026-07-22 18:04:44,500 Method : POST
2026-07-22 18:04:44,500 URL    : http://127.0.0.1:8000/api/products
2026-07-22 18:04:44,501 
Headers
2026-07-22 18:04:44,501 {
    "Content-Type": "application/json"
}
2026-07-22 18:04:44,501 
Request Body
2026-07-22 18:04:44,501 {
    "name": "Pixel_cc72874a",
    "price": 32000,
    "stock": 30
}
2026-07-22 18:04:44,501 
Status Code : 201
2026-07-22 18:04:44,501 
Response
2026-07-22 18:04:44,501 {
    "name": "Pixel_cc72874a",
    "price": 32000,
    "stock": 30,
    "updated_at": "2026-07-22T10:04:44.000000Z",
    "created_at": "2026-07-22T10:04:44.000000Z",
    "id": 211
}
2026-07-22 18:04:44,501 ============================================================
2026-07-22 18:04:44,882 ============================================================
2026-07-22 18:04:44,883 Method : PUT
2026-07-22 18:04:44,883 URL    : http://127.0.0.1:8000/api/products/211
2026-07-22 18:04:44,883 
Headers
2026-07-22 18:04:44,883 {
    "Content-Type": "application/json"
}
2026-07-22 18:04:44,883 
Request Body
2026-07-22 18:04:44,883 {
    "name": "Pixel_a40e257f",
    "price": 38000,
    "stock": 40
}
2026-07-22 18:04:44,883 
Status Code : 200
2026-07-22 18:04:44,883 
Response
2026-07-22 18:04:44,884 {
    "id": 211,
    "name": "Pixel_a40e257f",
    "price": 38000,
    "stock": 40,
    "created_at": "2026-07-22T10:04:44.000000Z",
    "updated_at": "2026-07-22T10:04:44.000000Z"
}
2026-07-22 18:04:44,884 ============================================================
2026-07-22 18:04:45,184 ============================================================
2026-07-22 18:04:45,184 Method : GET
2026-07-22 18:04:45,184 URL    : http://127.0.0.1:8000/api/products/211
2026-07-22 18:04:45,185 
Headers
2026-07-22 18:04:45,185 {
    "Content-Type": "application/json"
}
2026-07-22 18:04:45,185 
Request Body
2026-07-22 18:04:45,185 {}
2026-07-22 18:04:45,185 
Status Code : 200
2026-07-22 18:04:45,185 
Response
2026-07-22 18:04:45,185 {
    "id": 211,
    "name": "Pixel_a40e257f",
    "price": 38000,
    "stock": 40,
    "created_at": "2026-07-22T10:04:44.000000Z",
    "updated_at": "2026-07-22T10:04:44.000000Z"
}
2026-07-22 18:04:45,185 ============================================================
2026-07-22 18:04:45,607 ============================================================
2026-07-22 18:04:45,607 Method : POST
2026-07-22 18:04:45,608 URL    : http://127.0.0.1:8000/api/products
2026-07-22 18:04:45,608 
Headers
2026-07-22 18:04:45,608 {
    "Content-Type": "application/json"
}
2026-07-22 18:04:45,608 
Request Body
2026-07-22 18:04:45,608 {
    "name": "Pixel_4e48cf18",
    "price": 32000,
    "stock": 30
}
2026-07-22 18:04:45,608 
Status Code : 201
2026-07-22 18:04:45,608 
Response
2026-07-22 18:04:45,608 {
    "name": "Pixel_4e48cf18",
    "price": 32000,
    "stock": 30,
    "updated_at": "2026-07-22T10:04:45.000000Z",
    "created_at": "2026-07-22T10:04:45.000000Z",
    "id": 212
}
2026-07-22 18:04:45,608 ============================================================
2026-07-22 18:04:45,954 ============================================================
2026-07-22 18:04:45,955 Method : DELETE
2026-07-22 18:04:45,955 URL    : http://127.0.0.1:8000/api/products/212
2026-07-22 18:04:45,955 
Headers
2026-07-22 18:04:45,955 {
    "Content-Type": "application/json"
}
2026-07-22 18:04:45,955 
Request Body
2026-07-22 18:04:45,955 {}
2026-07-22 18:04:45,955 
Status Code : 204
2026-07-22 18:04:45,955 
Response
2026-07-22 18:04:45,955 
2026-07-22 18:04:45,955 ============================================================
2026-07-22 18:04:46,312 ============================================================
2026-07-22 18:04:46,312 Method : GET
2026-07-22 18:04:46,312 URL    : http://127.0.0.1:8000/api/products/212
2026-07-22 18:04:46,312 
Headers
2026-07-22 18:04:46,312 {
    "Content-Type": "application/json"
}
2026-07-22 18:04:46,312 
Request Body
2026-07-22 18:04:46,312 {}
2026-07-22 18:04:46,312 
Status Code : 404
2026-07-22 18:04:46,312 
Response
2026-07-22 18:04:46,313 {
    "message": "No query results for model [App\\Models\\Product] 212",
    "exception": "Symfony\\Component\\HttpKernel\\Exception\\NotFoundHttpException",
    "file": "C:\\laragon\\www\\practice\\vendor\\laravel\\framework\\src\\Illuminate\\Foundation\\Exceptions\\Handler.php",
    "line": 768,
    "trace": [
        {
            "file": "C:\\laragon\\www\\practice\\vendor\\laravel\\framework\\src\\Illuminate\\Foundation\\Exceptions\\Handler.php",
            "line": 716,
            "function": "prepareException",
            "class": "Illuminate\\Foundation\\Exceptions\\Handler",
            "type": "->"
        },
        {
            "file": "C:\\laragon\\www\\practice\\vendor\\laravel\\framework\\src\\Illuminate\\Routing\\Pipeline.php",
            "line": 51,
            "function": "render",
            "class": "Illuminate\\Foundation\\Exceptions\\Handler",
            "type": "->"
        },
        {
            "file": "C:\\laragon\\www\\practice\\vendor\\laravel\\framework\\src\\Illuminate\\Pipeline\\Pipeline.php",
            "line": 224,
            "function": "handleException",
            "class": "Illuminate\\Routing\\Pipeline",
            "type": "->"
        },
        {
            "file": "C:\\laragon\\www\\practice\\vendor\\laravel\\framework\\src\\Illuminate\\Pipeline\\Pipeline.php",
            "line": 137,
            "function": "Illuminate\\Pipeline\\{closure}",
            "class": "Illuminate\\Pipeline\\Pipeline",
            "type": "->"
        },
        {
            "file": "C:\\laragon\\www\\practice\\vendor\\laravel\\framework\\src\\Illuminate\\Routing\\Router.php",
            "line": 821,
            "function": "then",
            "class": "Illuminate\\Pipeline\\Pipeline",
            "type": "->"
        },
        {
            "file": "C:\\laragon\\www\\practice\\vendor\\laravel\\framework\\src\\Illuminate\\Routing\\Router.php",
            "line": 800,
            "function": "runRouteWithinStack",
            "class": "Illuminate\\Routing\\Router",
            "type": "->"
        },
        {
            "file": "C:\\laragon\\www\\practice\\vendor\\laravel\\framework\\src\\Illuminate\\Routing\\Router.php",
            "line": 764,
            "function": "runRoute",
            "class": "Illuminate\\Routing\\Router",
            "type": "->"
        },
        {
            "file": "C:\\laragon\\www\\practice\\vendor\\laravel\\framework\\src\\Illuminate\\Routing\\Router.php",
            "line": 753,
            "function": "dispatchToRoute",
            "class": "Illuminate\\Routing\\Router",
            "type": "->"
        },
        {
            "file": "C:\\laragon\\www\\practice\\vendor\\laravel\\framework\\src\\Illuminate\\Foundation\\Http\\Kernel.php",
            "line": 200,
            "function": "dispatch",
            "class": "Illuminate\\Routing\\Router",
            "type": "->"
        },
        {
            "file": "C:\\laragon\\www\\practice\\vendor\\laravel\\framework\\src\\Illuminate\\Pipeline\\Pipeline.php",
            "line": 180,
            "function": "Illuminate\\Foundation\\Http\\{closure}",
            "class": "Illuminate\\Foundation\\Http\\Kernel",
            "type": "->"
        },
        {
            "file": "C:\\laragon\\www\\practice\\vendor\\laravel\\framework\\src\\Illuminate\\Foundation\\Http\\Middleware\\TransformsRequest.php",
            "line": 21,
            "function": "Illuminate\\Pipeline\\{closure}",
            "class": "Illuminate\\Pipeline\\Pipeline",
            "type": "->"
        },
        {
            "file": "C:\\laragon\\www\\practice\\vendor\\laravel\\framework\\src\\Illuminate\\Foundation\\Http\\Middleware\\ConvertEmptyStringsToNull.php",
            "line": 31,
            "function": "handle",
            "class": "Illuminate\\Foundation\\Http\\Middleware\\TransformsRequest",
            "type": "->"
        },
        {
            "file": "C:\\laragon\\www\\practice\\vendor\\laravel\\framework\\src\\Illuminate\\Pipeline\\Pipeline.php",
            "line": 219,
            "function": "handle",
            "class": "Illuminate\\Foundation\\Http\\Middleware\\ConvertEmptyStringsToNull",
            "type": "->"
        },
        {
            "file": "C:\\laragon\\www\\practice\\vendor\\laravel\\framework\\src\\Illuminate\\Foundation\\Http\\Middleware\\TransformsRequest.php",
            "line": 21,
            "function": "Illuminate\\Pipeline\\{closure}",
            "class": "Illuminate\\Pipeline\\Pipeline",
            "type": "->"
        },
        {
            "file": "C:\\laragon\\www\\practice\\vendor\\laravel\\framework\\src\\Illuminate\\Foundation\\Http\\Middleware\\TrimStrings.php",
            "line": 51,
            "function": "handle",
            "class": "Illuminate\\Foundation\\Http\\Middleware\\TransformsRequest",
            "type": "->"
        },
        {
            "file": "C:\\laragon\\www\\practice\\vendor\\laravel\\framework\\src\\Illuminate\\Pipeline\\Pipeline.php",
            "line": 219,
            "function": "handle",
            "class": "Illuminate\\Foundation\\Http\\Middleware\\TrimStrings",
            "type": "->"
        },
        {
            "file": "C:\\laragon\\www\\practice\\vendor\\laravel\\framework\\src\\Illuminate\\Http\\Middleware\\ValidatePostSize.php",
            "line": 27,
            "function": "Illuminate\\Pipeline\\{closure}",
            "class": "Illuminate\\Pipeline\\Pipeline",
            "type": "->"
        },
        {
            "file": "C:\\laragon\\www\\practice\\vendor\\laravel\\framework\\src\\Illuminate\\Pipeline\\Pipeline.php",
            "line": 219,
            "function": "handle",
            "class": "Illuminate\\Http\\Middleware\\ValidatePostSize",
            "type": "->"
        },
        {
            "file": "C:\\laragon\\www\\practice\\vendor\\laravel\\framework\\src\\Illuminate\\Foundation\\Http\\Middleware\\PreventRequestsDuringMaintenance.php",
            "line": 109,
            "function": "Illuminate\\Pipeline\\{closure}",
            "class": "Illuminate\\Pipeline\\Pipeline",
            "type": "->"
        },
        {
            "file": "C:\\laragon\\www\\practice\\vendor\\laravel\\framework\\src\\Illuminate\\Pipeline\\Pipeline.php",
            "line": 219,
            "function": "handle",
            "class": "Illuminate\\Foundation\\Http\\Middleware\\PreventRequestsDuringMaintenance",
            "type": "->"
        },
        {
            "file": "C:\\laragon\\www\\practice\\vendor\\laravel\\framework\\src\\Illuminate\\Http\\Middleware\\HandleCors.php",
            "line": 74,
            "function": "Illuminate\\Pipeline\\{closure}",
            "class": "Illuminate\\Pipeline\\Pipeline",
            "type": "->"
        },
        {
            "file": "C:\\laragon\\www\\practice\\vendor\\laravel\\framework\\src\\Illuminate\\Pipeline\\Pipeline.php",
            "line": 219,
            "function": "handle",
            "class": "Illuminate\\Http\\Middleware\\HandleCors",
            "type": "->"
        },
        {
            "file": "C:\\laragon\\www\\practice\\vendor\\laravel\\framework\\src\\Illuminate\\Http\\Middleware\\TrustProxies.php",
            "line": 58,
            "function": "Illuminate\\Pipeline\\{closure}",
            "class": "Illuminate\\Pipeline\\Pipeline",
            "type": "->"
        },
        {
            "file": "C:\\laragon\\www\\practice\\vendor\\laravel\\framework\\src\\Illuminate\\Pipeline\\Pipeline.php",
            "line": 219,
            "function": "handle",
            "class": "Illuminate\\Http\\Middleware\\TrustProxies",
            "type": "->"
        },
        {
            "file": "C:\\laragon\\www\\practice\\vendor\\laravel\\framework\\src\\Illuminate\\Foundation\\Http\\Middleware\\InvokeDeferredCallbacks.php",
            "line": 22,
            "function": "Illuminate\\Pipeline\\{closure}",
            "class": "Illuminate\\Pipeline\\Pipeline",
            "type": "->"
        },
        {
            "file": "C:\\laragon\\www\\practice\\vendor\\laravel\\framework\\src\\Illuminate\\Pipeline\\Pipeline.php",
            "line": 219,
            "function": "handle",
            "class": "Illuminate\\Foundation\\Http\\Middleware\\InvokeDeferredCallbacks",
            "type": "->"
        },
        {
            "file": "C:\\laragon\\www\\practice\\vendor\\laravel\\framework\\src\\Illuminate\\Http\\Middleware\\ValidatePathEncoding.php",
            "line": 28,
            "function": "Illuminate\\Pipeline\\{closure}",
            "class": "Illuminate\\Pipeline\\Pipeline",
            "type": "->"
        },
        {
            "file": "C:\\laragon\\www\\practice\\vendor\\laravel\\framework\\src\\Illuminate\\Pipeline\\Pipeline.php",
            "line": 219,
            "function": "handle",
            "class": "Illuminate\\Http\\Middleware\\ValidatePathEncoding",
            "type": "->"
        },
        {
            "file": "C:\\laragon\\www\\practice\\vendor\\laravel\\framework\\src\\Illuminate\\Pipeline\\Pipeline.php",
            "line": 137,
            "function": "Illuminate\\Pipeline\\{closure}",
            "class": "Illuminate\\Pipeline\\Pipeline",
            "type": "->"
        },
        {
            "file": "C:\\laragon\\www\\practice\\vendor\\laravel\\framework\\src\\Illuminate\\Foundation\\Http\\Kernel.php",
            "line": 175,
            "function": "then",
            "class": "Illuminate\\Pipeline\\Pipeline",
            "type": "->"
        },
        {
            "file": "C:\\laragon\\www\\practice\\vendor\\laravel\\framework\\src\\Illuminate\\Foundation\\Http\\Kernel.php",
            "line": 144,
            "function": "sendRequestThroughRouter",
            "class": "Illuminate\\Foundation\\Http\\Kernel",
            "type": "->"
        },
        {
            "file": "C:\\laragon\\www\\practice\\vendor\\laravel\\framework\\src\\Illuminate\\Foundation\\Application.php",
            "line": 1220,
            "function": "handle",
            "class": "Illuminate\\Foundation\\Http\\Kernel",
            "type": "->"
        },
        {
            "file": "C:\\laragon\\www\\practice\\public\\index.php",
            "line": 20,
            "function": "handleRequest",
            "class": "Illuminate\\Foundation\\Application",
            "type": "->"
        },
        {
            "file": "C:\\laragon\\www\\practice\\vendor\\laravel\\framework\\src\\Illuminate\\Foundation\\resources\\server.php",
            "line": 23,
            "function": "require_once"
        }
    ]
}
2026-07-22 18:04:46,313 ============================================================
2026-07-23 16:08:12,679 ============================================================
2026-07-23 16:08:12,679 Method : POST
2026-07-23 16:08:12,679 URL    : http://127.0.0.1:8000/api/products
2026-07-23 16:08:12,679 
Headers
2026-07-23 16:08:12,679 {
    "Content-Type": "application/json"
}
2026-07-23 16:08:12,679 
Request Body
2026-07-23 16:08:12,679 {
    "name": "Pixel_c7b4289c",
    "price": 32000,
    "stock": 30
}
2026-07-23 16:08:12,679 
Status Code : 201
2026-07-23 16:08:12,679 
Response
2026-07-23 16:08:12,679 {
    "name": "Pixel_c7b4289c",
    "price": 32000,
    "stock": 30,
    "updated_at": "2026-07-23T08:08:11.000000Z",
    "created_at": "2026-07-23T08:08:11.000000Z",
    "id": 213
}
2026-07-23 16:08:12,679 ============================================================
2026-07-23 16:08:12,987 ============================================================
2026-07-23 16:08:12,988 Method : POST
2026-07-23 16:08:12,988 URL    : http://127.0.0.1:8000/api/products
2026-07-23 16:08:12,988 
Headers
2026-07-23 16:08:12,988 {
    "Content-Type": "application/json"
}
2026-07-23 16:08:12,988 
Request Body
2026-07-23 16:08:12,988 {
    "name": "Pixel_653fc3b6",
    "price": 32000,
    "stock": 30
}
2026-07-23 16:08:12,988 
Status Code : 201
2026-07-23 16:08:12,988 
Response
2026-07-23 16:08:12,988 {
    "name": "Pixel_653fc3b6",
    "price": 32000,
    "stock": 30,
    "updated_at": "2026-07-23T08:08:12.000000Z",
    "created_at": "2026-07-23T08:08:12.000000Z",
    "id": 214
}
2026-07-23 16:08:12,988 ============================================================
2026-07-23 16:08:13,360 ============================================================
2026-07-23 16:08:13,360 Method : GET
2026-07-23 16:08:13,360 URL    : http://127.0.0.1:8000/api/products/214
2026-07-23 16:08:13,360 
Headers
2026-07-23 16:08:13,360 {
    "Content-Type": "application/json"
}
2026-07-23 16:08:13,360 
Request Body
2026-07-23 16:08:13,360 {}
2026-07-23 16:08:13,360 
Status Code : 200
2026-07-23 16:08:13,360 
Response
2026-07-23 16:08:13,360 {
    "id": 214,
    "name": "Pixel_653fc3b6",
    "price": 32000,
    "stock": 30,
    "created_at": "2026-07-23T08:08:12.000000Z",
    "updated_at": "2026-07-23T08:08:12.000000Z"
}
2026-07-23 16:08:13,360 ============================================================
2026-07-23 16:08:13,747 ============================================================
2026-07-23 16:08:13,747 Method : POST
2026-07-23 16:08:13,747 URL    : http://127.0.0.1:8000/api/products
2026-07-23 16:08:13,747 
Headers
2026-07-23 16:08:13,748 {
    "Content-Type": "application/json"
}
2026-07-23 16:08:13,748 
Request Body
2026-07-23 16:08:13,748 {
    "name": "Pixel_ed584ca6",
    "price": 32000,
    "stock": 30
}
2026-07-23 16:08:13,748 
Status Code : 201
2026-07-23 16:08:13,748 
Response
2026-07-23 16:08:13,748 {
    "name": "Pixel_ed584ca6",
    "price": 32000,
    "stock": 30,
    "updated_at": "2026-07-23T08:08:13.000000Z",
    "created_at": "2026-07-23T08:08:13.000000Z",
    "id": 215
}
2026-07-23 16:08:13,748 ============================================================
2026-07-23 16:08:14,118 ============================================================
2026-07-23 16:08:14,118 Method : PUT
2026-07-23 16:08:14,118 URL    : http://127.0.0.1:8000/api/products/215
2026-07-23 16:08:14,118 
Headers
2026-07-23 16:08:14,118 {
    "Content-Type": "application/json"
}
2026-07-23 16:08:14,118 
Request Body
2026-07-23 16:08:14,118 {
    "name": "Pixel_f0fe1a0a",
    "price": 38000,
    "stock": 40
}
2026-07-23 16:08:14,118 
Status Code : 200
2026-07-23 16:08:14,118 
Response
2026-07-23 16:08:14,118 {
    "id": 215,
    "name": "Pixel_f0fe1a0a",
    "price": 38000,
    "stock": 40,
    "created_at": "2026-07-23T08:08:13.000000Z",
    "updated_at": "2026-07-23T08:08:14.000000Z"
}
2026-07-23 16:08:14,118 ============================================================
2026-07-23 16:08:14,519 ============================================================
2026-07-23 16:08:14,519 Method : GET
2026-07-23 16:08:14,519 URL    : http://127.0.0.1:8000/api/products/215
2026-07-23 16:08:14,519 
Headers
2026-07-23 16:08:14,519 {
    "Content-Type": "application/json"
}
2026-07-23 16:08:14,519 
Request Body
2026-07-23 16:08:14,519 {}
2026-07-23 16:08:14,519 
Status Code : 200
2026-07-23 16:08:14,519 
Response
2026-07-23 16:08:14,519 {
    "id": 215,
    "name": "Pixel_f0fe1a0a",
    "price": 38000,
    "stock": 40,
    "created_at": "2026-07-23T08:08:13.000000Z",
    "updated_at": "2026-07-23T08:08:14.000000Z"
}
2026-07-23 16:08:14,520 ============================================================
2026-07-23 16:08:14,909 ============================================================
2026-07-23 16:08:14,910 Method : POST
2026-07-23 16:08:14,910 URL    : http://127.0.0.1:8000/api/products
2026-07-23 16:08:14,910 
Headers
2026-07-23 16:08:14,910 {
    "Content-Type": "application/json"
}
2026-07-23 16:08:14,910 
Request Body
2026-07-23 16:08:14,910 {
    "name": "Pixel_e384e700",
    "price": 32000,
    "stock": 30
}
2026-07-23 16:08:14,910 
Status Code : 201
2026-07-23 16:08:14,910 
Response
2026-07-23 16:08:14,910 {
    "name": "Pixel_e384e700",
    "price": 32000,
    "stock": 30,
    "updated_at": "2026-07-23T08:08:14.000000Z",
    "created_at": "2026-07-23T08:08:14.000000Z",
    "id": 216
}
2026-07-23 16:08:14,910 ============================================================
2026-07-23 16:08:15,294 ============================================================
2026-07-23 16:08:15,295 Method : DELETE
2026-07-23 16:08:15,295 URL    : http://127.0.0.1:8000/api/products/216
2026-07-23 16:08:15,295 
Headers
2026-07-23 16:08:15,295 {
    "Content-Type": "application/json"
}
2026-07-23 16:08:15,295 
Request Body
2026-07-23 16:08:15,295 {}
2026-07-23 16:08:15,295 
Status Code : 204
2026-07-23 16:08:15,295 
Response
2026-07-23 16:08:15,295 
2026-07-23 16:08:15,295 ============================================================
2026-07-23 16:08:15,884 ============================================================
2026-07-23 16:08:15,884 Method : GET
2026-07-23 16:08:15,884 URL    : http://127.0.0.1:8000/api/products/216
2026-07-23 16:08:15,884 
Headers
2026-07-23 16:08:15,884 {
    "Content-Type": "application/json"
}
2026-07-23 16:08:15,884 
Request Body
2026-07-23 16:08:15,884 {}
2026-07-23 16:08:15,884 
Status Code : 404
2026-07-23 16:08:15,884 
Response
2026-07-23 16:08:15,885 {
    "message": "No query results for model [App\\Models\\Product] 216",
    "exception": "Symfony\\Component\\HttpKernel\\Exception\\NotFoundHttpException",
    "file": "C:\\laragon\\www\\practice\\vendor\\laravel\\framework\\src\\Illuminate\\Foundation\\Exceptions\\Handler.php",
    "line": 768,
    "trace": [
        {
            "file": "C:\\laragon\\www\\practice\\vendor\\laravel\\framework\\src\\Illuminate\\Foundation\\Exceptions\\Handler.php",
            "line": 716,
            "function": "prepareException",
            "class": "Illuminate\\Foundation\\Exceptions\\Handler",
            "type": "->"
        },
        {
            "file": "C:\\laragon\\www\\practice\\vendor\\laravel\\framework\\src\\Illuminate\\Routing\\Pipeline.php",
            "line": 51,
            "function": "render",
            "class": "Illuminate\\Foundation\\Exceptions\\Handler",
            "type": "->"
        },
        {
            "file": "C:\\laragon\\www\\practice\\vendor\\laravel\\framework\\src\\Illuminate\\Pipeline\\Pipeline.php",
            "line": 224,
            "function": "handleException",
            "class": "Illuminate\\Routing\\Pipeline",
            "type": "->"
        },
        {
            "file": "C:\\laragon\\www\\practice\\vendor\\laravel\\framework\\src\\Illuminate\\Pipeline\\Pipeline.php",
            "line": 137,
            "function": "Illuminate\\Pipeline\\{closure}",
            "class": "Illuminate\\Pipeline\\Pipeline",
            "type": "->"
        },
        {
            "file": "C:\\laragon\\www\\practice\\vendor\\laravel\\framework\\src\\Illuminate\\Routing\\Router.php",
            "line": 821,
            "function": "then",
            "class": "Illuminate\\Pipeline\\Pipeline",
            "type": "->"
        },
        {
            "file": "C:\\laragon\\www\\practice\\vendor\\laravel\\framework\\src\\Illuminate\\Routing\\Router.php",
            "line": 800,
            "function": "runRouteWithinStack",
            "class": "Illuminate\\Routing\\Router",
            "type": "->"
        },
        {
            "file": "C:\\laragon\\www\\practice\\vendor\\laravel\\framework\\src\\Illuminate\\Routing\\Router.php",
            "line": 764,
            "function": "runRoute",
            "class": "Illuminate\\Routing\\Router",
            "type": "->"
        },
        {
            "file": "C:\\laragon\\www\\practice\\vendor\\laravel\\framework\\src\\Illuminate\\Routing\\Router.php",
            "line": 753,
            "function": "dispatchToRoute",
            "class": "Illuminate\\Routing\\Router",
            "type": "->"
        },
        {
            "file": "C:\\laragon\\www\\practice\\vendor\\laravel\\framework\\src\\Illuminate\\Foundation\\Http\\Kernel.php",
            "line": 200,
            "function": "dispatch",
            "class": "Illuminate\\Routing\\Router",
            "type": "->"
        },
        {
            "file": "C:\\laragon\\www\\practice\\vendor\\laravel\\framework\\src\\Illuminate\\Pipeline\\Pipeline.php",
            "line": 180,
            "function": "Illuminate\\Foundation\\Http\\{closure}",
            "class": "Illuminate\\Foundation\\Http\\Kernel",
            "type": "->"
        },
        {
            "file": "C:\\laragon\\www\\practice\\vendor\\laravel\\framework\\src\\Illuminate\\Foundation\\Http\\Middleware\\TransformsRequest.php",
            "line": 21,
            "function": "Illuminate\\Pipeline\\{closure}",
            "class": "Illuminate\\Pipeline\\Pipeline",
            "type": "->"
        },
        {
            "file": "C:\\laragon\\www\\practice\\vendor\\laravel\\framework\\src\\Illuminate\\Foundation\\Http\\Middleware\\ConvertEmptyStringsToNull.php",
            "line": 31,
            "function": "handle",
            "class": "Illuminate\\Foundation\\Http\\Middleware\\TransformsRequest",
            "type": "->"
        },
        {
            "file": "C:\\laragon\\www\\practice\\vendor\\laravel\\framework\\src\\Illuminate\\Pipeline\\Pipeline.php",
            "line": 219,
            "function": "handle",
            "class": "Illuminate\\Foundation\\Http\\Middleware\\ConvertEmptyStringsToNull",
            "type": "->"
        },
        {
            "file": "C:\\laragon\\www\\practice\\vendor\\laravel\\framework\\src\\Illuminate\\Foundation\\Http\\Middleware\\TransformsRequest.php",
            "line": 21,
            "function": "Illuminate\\Pipeline\\{closure}",
            "class": "Illuminate\\Pipeline\\Pipeline",
            "type": "->"
        },
        {
            "file": "C:\\laragon\\www\\practice\\vendor\\laravel\\framework\\src\\Illuminate\\Foundation\\Http\\Middleware\\TrimStrings.php",
            "line": 51,
            "function": "handle",
            "class": "Illuminate\\Foundation\\Http\\Middleware\\TransformsRequest",
            "type": "->"
        },
        {
            "file": "C:\\laragon\\www\\practice\\vendor\\laravel\\framework\\src\\Illuminate\\Pipeline\\Pipeline.php",
            "line": 219,
            "function": "handle",
            "class": "Illuminate\\Foundation\\Http\\Middleware\\TrimStrings",
            "type": "->"
        },
        {
            "file": "C:\\laragon\\www\\practice\\vendor\\laravel\\framework\\src\\Illuminate\\Http\\Middleware\\ValidatePostSize.php",
            "line": 27,
            "function": "Illuminate\\Pipeline\\{closure}",
            "class": "Illuminate\\Pipeline\\Pipeline",
            "type": "->"
        },
        {
            "file": "C:\\laragon\\www\\practice\\vendor\\laravel\\framework\\src\\Illuminate\\Pipeline\\Pipeline.php",
            "line": 219,
            "function": "handle",
            "class": "Illuminate\\Http\\Middleware\\ValidatePostSize",
            "type": "->"
        },
        {
            "file": "C:\\laragon\\www\\practice\\vendor\\laravel\\framework\\src\\Illuminate\\Foundation\\Http\\Middleware\\PreventRequestsDuringMaintenance.php",
            "line": 109,
            "function": "Illuminate\\Pipeline\\{closure}",
            "class": "Illuminate\\Pipeline\\Pipeline",
            "type": "->"
        },
        {
            "file": "C:\\laragon\\www\\practice\\vendor\\laravel\\framework\\src\\Illuminate\\Pipeline\\Pipeline.php",
            "line": 219,
            "function": "handle",
            "class": "Illuminate\\Foundation\\Http\\Middleware\\PreventRequestsDuringMaintenance",
            "type": "->"
        },
        {
            "file": "C:\\laragon\\www\\practice\\vendor\\laravel\\framework\\src\\Illuminate\\Http\\Middleware\\HandleCors.php",
            "line": 74,
            "function": "Illuminate\\Pipeline\\{closure}",
            "class": "Illuminate\\Pipeline\\Pipeline",
            "type": "->"
        },
        {
            "file": "C:\\laragon\\www\\practice\\vendor\\laravel\\framework\\src\\Illuminate\\Pipeline\\Pipeline.php",
            "line": 219,
            "function": "handle",
            "class": "Illuminate\\Http\\Middleware\\HandleCors",
            "type": "->"
        },
        {
            "file": "C:\\laragon\\www\\practice\\vendor\\laravel\\framework\\src\\Illuminate\\Http\\Middleware\\TrustProxies.php",
            "line": 58,
            "function": "Illuminate\\Pipeline\\{closure}",
            "class": "Illuminate\\Pipeline\\Pipeline",
            "type": "->"
        },
        {
            "file": "C:\\laragon\\www\\practice\\vendor\\laravel\\framework\\src\\Illuminate\\Pipeline\\Pipeline.php",
            "line": 219,
            "function": "handle",
            "class": "Illuminate\\Http\\Middleware\\TrustProxies",
            "type": "->"
        },
        {
            "file": "C:\\laragon\\www\\practice\\vendor\\laravel\\framework\\src\\Illuminate\\Foundation\\Http\\Middleware\\InvokeDeferredCallbacks.php",
            "line": 22,
            "function": "Illuminate\\Pipeline\\{closure}",
            "class": "Illuminate\\Pipeline\\Pipeline",
            "type": "->"
        },
        {
            "file": "C:\\laragon\\www\\practice\\vendor\\laravel\\framework\\src\\Illuminate\\Pipeline\\Pipeline.php",
            "line": 219,
            "function": "handle",
            "class": "Illuminate\\Foundation\\Http\\Middleware\\InvokeDeferredCallbacks",
            "type": "->"
        },
        {
            "file": "C:\\laragon\\www\\practice\\vendor\\laravel\\framework\\src\\Illuminate\\Http\\Middleware\\ValidatePathEncoding.php",
            "line": 28,
            "function": "Illuminate\\Pipeline\\{closure}",
            "class": "Illuminate\\Pipeline\\Pipeline",
            "type": "->"
        },
        {
            "file": "C:\\laragon\\www\\practice\\vendor\\laravel\\framework\\src\\Illuminate\\Pipeline\\Pipeline.php",
            "line": 219,
            "function": "handle",
            "class": "Illuminate\\Http\\Middleware\\ValidatePathEncoding",
            "type": "->"
        },
        {
            "file": "C:\\laragon\\www\\practice\\vendor\\laravel\\framework\\src\\Illuminate\\Pipeline\\Pipeline.php",
            "line": 137,
            "function": "Illuminate\\Pipeline\\{closure}",
            "class": "Illuminate\\Pipeline\\Pipeline",
            "type": "->"
        },
        {
            "file": "C:\\laragon\\www\\practice\\vendor\\laravel\\framework\\src\\Illuminate\\Foundation\\Http\\Kernel.php",
            "line": 175,
            "function": "then",
            "class": "Illuminate\\Pipeline\\Pipeline",
            "type": "->"
        },
        {
            "file": "C:\\laragon\\www\\practice\\vendor\\laravel\\framework\\src\\Illuminate\\Foundation\\Http\\Kernel.php",
            "line": 144,
            "function": "sendRequestThroughRouter",
            "class": "Illuminate\\Foundation\\Http\\Kernel",
            "type": "->"
        },
        {
            "file": "C:\\laragon\\www\\practice\\vendor\\laravel\\framework\\src\\Illuminate\\Foundation\\Application.php",
            "line": 1220,
            "function": "handle",
            "class": "Illuminate\\Foundation\\Http\\Kernel",
            "type": "->"
        },
        {
            "file": "C:\\laragon\\www\\practice\\public\\index.php",
            "line": 20,
            "function": "handleRequest",
            "class": "Illuminate\\Foundation\\Application",
            "type": "->"
        },
        {
            "file": "C:\\laragon\\www\\practice\\vendor\\laravel\\framework\\src\\Illuminate\\Foundation\\resources\\server.php",
            "line": 23,
            "function": "require_once"
        }
    ]
}
2026-07-23 16:08:15,885 ============================================================
2026-07-23 16:40:39,277 ============================================================
2026-07-23 16:40:39,277 Method : GET
2026-07-23 16:40:39,277 URL    : http://127.0.0.1:8000/api/products
2026-07-23 16:40:39,277 
Headers
2026-07-23 16:40:39,278 {
    "Content-Type": "application/json"
}
2026-07-23 16:40:39,278 
Request Body
2026-07-23 16:40:39,278 {}
2026-07-23 16:40:39,278 
Status Code : 200
2026-07-23 16:40:39,278 
Response
2026-07-23 16:40:39,278 [
    {
        "id": 1,
        "name": "explicabo",
        "price": 1005,
        "stock": 71,
        "created_at": "2026-06-29T15:44:33.000000Z",
        "updated_at": "2026-06-29T15:44:33.000000Z"
    },
    {
        "id": 2,
        "name": "et",
        "price": 4557,
        "stock": 79,
        "created_at": "2026-06-29T15:44:33.000000Z",
        "updated_at": "2026-06-29T15:44:33.000000Z"
    },
    {
        "id": 3,
        "name": "quia",
        "price": 2629,
        "stock": 72,
        "created_at": "2026-06-29T15:44:33.000000Z",
        "updated_at": "2026-06-29T15:44:33.000000Z"
    },
    {
        "id": 4,
        "name": "quo",
        "price": 2149,
        "stock": 23,
        "created_at": "2026-06-29T15:44:33.000000Z",
        "updated_at": "2026-06-29T15:44:33.000000Z"
    },
    {
        "id": 5,
        "name": "est",
        "price": 725,
        "stock": 100,
        "created_at": "2026-06-29T15:44:33.000000Z",
        "updated_at": "2026-06-29T15:44:33.000000Z"
    },
    {
        "id": 6,
        "name": "et",
        "price": 4176,
        "stock": 14,
        "created_at": "2026-06-29T15:44:33.000000Z",
        "updated_at": "2026-06-29T15:44:33.000000Z"
    },
    {
        "id": 7,
        "name": "voluptatem",
        "price": 1532,
        "stock": 11,
        "created_at": "2026-06-29T15:44:33.000000Z",
        "updated_at": "2026-06-29T15:44:33.000000Z"
    },
    {
        "id": 8,
        "name": "dolorum",
        "price": 519,
        "stock": 28,
        "created_at": "2026-06-29T15:44:33.000000Z",
        "updated_at": "2026-06-29T15:44:33.000000Z"
    },
    {
        "id": 9,
        "name": "incidunt",
        "price": 2305,
        "stock": 22,
        "created_at": "2026-06-29T15:44:33.000000Z",
        "updated_at": "2026-06-29T15:44:33.000000Z"
    },
    {
        "id": 10,
        "name": "assumenda",
        "price": 3336,
        "stock": 10,
        "created_at": "2026-06-29T15:44:33.000000Z",
        "updated_at": "2026-06-29T15:44:33.000000Z"
    },
    {
        "id": 11,
        "name": "nemo",
        "price": 4804,
        "stock": 8,
        "created_at": "2026-06-29T15:44:33.000000Z",
        "updated_at": "2026-06-29T15:44:33.000000Z"
    },
    {
        "id": 12,
        "name": "illo",
        "price": 2452,
        "stock": 40,
        "created_at": "2026-06-29T15:44:33.000000Z",
        "updated_at": "2026-06-29T15:44:33.000000Z"
    },
    {
        "id": 13,
        "name": "odit",
        "price": 1627,
        "stock": 36,
        "created_at": "2026-06-29T15:44:33.000000Z",
        "updated_at": "2026-06-29T15:44:33.000000Z"
    },
    {
        "id": 14,
        "name": "magnam",
        "price": 3733,
        "stock": 77,
        "created_at": "2026-06-29T15:44:33.000000Z",
        "updated_at": "2026-06-29T15:44:33.000000Z"
    },
    {
        "id": 15,
        "name": "quas",
        "price": 1586,
        "stock": 97,
        "created_at": "2026-06-29T15:44:33.000000Z",
        "updated_at": "2026-06-29T15:44:33.000000Z"
    },
    {
        "id": 16,
        "name": "ipsum",
        "price": 1725,
        "stock": 70,
        "created_at": "2026-06-29T15:44:33.000000Z",
        "updated_at": "2026-06-29T15:44:33.000000Z"
    },
    {
        "id": 17,
        "name": "et",
        "price": 2995,
        "stock": 96,
        "created_at": "2026-06-29T15:44:33.000000Z",
        "updated_at": "2026-06-29T15:44:33.000000Z"
    },
    {
        "id": 18,
        "name": "commodi",
        "price": 508,
        "stock": 85,
        "created_at": "2026-06-29T15:44:33.000000Z",
        "updated_at": "2026-06-29T15:44:33.000000Z"
    },
    {
        "id": 19,
        "name": "error",
        "price": 618,
        "stock": 38,
        "created_at": "2026-06-29T15:44:33.000000Z",
        "updated_at": "2026-06-29T15:44:33.000000Z"
    },
    {
        "id": 20,
        "name": "itaque",
        "price": 259,
        "stock": 22,
        "created_at": "2026-06-29T15:44:33.000000Z",
        "updated_at": "2026-06-29T15:44:33.000000Z"
    },
    {
        "id": 21,
        "name": "beatae",
        "price": 1210,
        "stock": 2,
        "created_at": "2026-06-29T15:44:33.000000Z",
        "updated_at": "2026-06-29T15:44:33.000000Z"
    },
    {
        "id": 22,
        "name": "voluptatem",
        "price": 229,
        "stock": 22,
        "created_at": "2026-06-29T15:44:33.000000Z",
        "updated_at": "2026-06-29T15:44:33.000000Z"
    },
    {
        "id": 23,
        "name": "esse",
        "price": 2876,
        "stock": 51,
        "created_at": "2026-06-29T15:44:33.000000Z",
        "updated_at": "2026-06-29T15:44:33.000000Z"
    },
    {
        "id": 24,
        "name": "in",
        "price": 2217,
        "stock": 70,
        "created_at": "2026-06-29T15:44:33.000000Z",
        "updated_at": "2026-06-29T15:44:33.000000Z"
    },
    {
        "id": 25,
        "name": "tempora",
        "price": 4071,
        "stock": 50,
        "created_at": "2026-06-29T15:44:33.000000Z",
        "updated_at": "2026-06-29T15:44:33.000000Z"
    },
    {
        "id": 26,
        "name": "nihil",
        "price": 3663,
        "stock": 37,
        "created_at": "2026-06-29T15:44:33.000000Z",
        "updated_at": "2026-06-29T15:44:33.000000Z"
    },
    {
        "id": 27,
        "name": "odio",
        "price": 2678,
        "stock": 45,
        "created_at": "2026-06-29T15:44:33.000000Z",
        "updated_at": "2026-06-29T15:44:33.000000Z"
    },
    {
        "id": 28,
        "name": "quos",
        "price": 3380,
        "stock": 68,
        "created_at": "2026-06-29T15:44:33.000000Z",
        "updated_at": "2026-06-29T15:44:33.000000Z"
    },
    {
        "id": 29,
        "name": "fuga",
        "price": 2101,
        "stock": 71,
        "created_at": "2026-06-29T15:44:33.000000Z",
        "updated_at": "2026-06-29T15:44:33.000000Z"
    },
    {
        "id": 30,
        "name": "sapiente",
        "price": 3496,
        "stock": 27,
        "created_at": "2026-06-29T15:44:33.000000Z",
        "updated_at": "2026-06-29T15:44:33.000000Z"
    },
    {
        "id": 31,
        "name": "ut",
        "price": 2672,
        "stock": 94,
        "created_at": "2026-06-29T15:44:33.000000Z",
        "updated_at": "2026-06-29T15:44:33.000000Z"
    },
    {
        "id": 32,
        "name": "rerum",
        "price": 1511,
        "stock": 22,
        "created_at": "2026-06-29T15:44:33.000000Z",
        "updated_at": "2026-06-29T15:44:33.000000Z"
    },
    {
        "id": 33,
        "name": "corrupti",
        "price": 4503,
        "stock": 35,
        "created_at": "2026-06-29T15:44:33.000000Z",
        "updated_at": "2026-06-29T15:44:33.000000Z"
    },
    {
        "id": 34,
        "name": "dignissimos",
        "price": 2874,
        "stock": 49,
        "created_at": "2026-06-29T15:44:33.000000Z",
        "updated_at": "2026-06-29T15:44:33.000000Z"
    },
    {
        "id": 35,
        "name": "est",
        "price": 268,
        "stock": 60,
        "created_at": "2026-06-29T15:44:33.000000Z",
        "updated_at": "2026-06-29T15:44:33.000000Z"
    },
    {
        "id": 36,
        "name": "aspernatur",
        "price": 1338,
        "stock": 41,
        "created_at": "2026-06-29T15:44:33.000000Z",
        "updated_at": "2026-06-29T15:44:33.000000Z"
    },
    {
        "id": 37,
        "name": "adipisci",
        "price": 2372,
        "stock": 58,
        "created_at": "2026-06-29T15:44:33.000000Z",
        "updated_at": "2026-06-29T15:44:33.000000Z"
    },
    {
        "id": 38,
        "name": "consequatur",
        "price": 4985,
        "stock": 93,
        "created_at": "2026-06-29T15:44:33.000000Z",
        "updated_at": "2026-06-29T15:44:33.000000Z"
    },
    {
        "id": 39,
        "name": "omnis",
        "price": 3056,
        "stock": 15,
        "created_at": "2026-06-29T15:44:33.000000Z",
        "updated_at": "2026-06-29T15:44:33.000000Z"
    },
    {
        "id": 40,
        "name": "omnis",
        "price": 952,
        "stock": 80,
        "created_at": "2026-06-29T15:44:33.000000Z",
        "updated_at": "2026-06-29T15:44:33.000000Z"
    },
    {
        "id": 41,
        "name": "voluptate",
        "price": 4923,
        "stock": 95,
        "created_at": "2026-06-29T15:44:33.000000Z",
        "updated_at": "2026-06-29T15:44:33.000000Z"
    },
    {
        "id": 42,
        "name": "laborum",
        "price": 626,
        "stock": 51,
        "created_at": "2026-06-29T15:44:33.000000Z",
        "updated_at": "2026-06-29T15:44:33.000000Z"
    },
    {
        "id": 43,
        "name": "laboriosam",
        "price": 1126,
        "stock": 37,
        "created_at": "2026-06-29T15:44:33.000000Z",
        "updated_at": "2026-06-29T15:44:33.000000Z"
    },
    {
        "id": 44,
        "name": "at",
        "price": 4642,
        "stock": 38,
        "created_at": "2026-06-29T15:44:33.000000Z",
        "updated_at": "2026-06-29T15:44:33.000000Z"
    },
    {
        "id": 45,
        "name": "soluta",
        "price": 2054,
        "stock": 61,
        "created_at": "2026-06-29T15:44:33.000000Z",
        "updated_at": "2026-06-29T15:44:33.000000Z"
    },
    {
        "id": 46,
        "name": "vel",
        "price": 4534,
        "stock": 85,
        "created_at": "2026-06-29T15:44:33.000000Z",
        "updated_at": "2026-06-29T15:44:33.000000Z"
    },
    {
        "id": 47,
        "name": "veritatis",
        "price": 2382,
        "stock": 66,
        "created_at": "2026-06-29T15:44:33.000000Z",
        "updated_at": "2026-06-29T15:44:33.000000Z"
    },
    {
        "id": 48,
        "name": "deleniti",
        "price": 2290,
        "stock": 56,
        "created_at": "2026-06-29T15:44:33.000000Z",
        "updated_at": "2026-06-29T15:44:33.000000Z"
    },
    {
        "id": 49,
        "name": "earum",
        "price": 2267,
        "stock": 79,
        "created_at": "2026-06-29T15:44:33.000000Z",
        "updated_at": "2026-06-29T15:44:33.000000Z"
    },
    {
        "id": 50,
        "name": "quisquam",
        "price": 801,
        "stock": 45,
        "created_at": "2026-06-29T15:44:33.000000Z",
        "updated_at": "2026-06-29T15:44:33.000000Z"
    },
    {
        "id": 51,
        "name": "beatae",
        "price": 3439,
        "stock": 98,
        "created_at": "2026-06-29T15:44:33.000000Z",
        "updated_at": "2026-06-29T15:44:33.000000Z"
    },
    {
        "id": 52,
        "name": "consequatur",
        "price": 928,
        "stock": 48,
        "created_at": "2026-06-29T15:44:33.000000Z",
        "updated_at": "2026-06-29T15:44:33.000000Z"
    },
    {
        "id": 53,
        "name": "nam",
        "price": 4145,
        "stock": 90,
        "created_at": "2026-06-29T15:44:33.000000Z",
        "updated_at": "2026-06-29T15:44:33.000000Z"
    },
    {
        "id": 54,
        "name": "dolorem",
        "price": 393,
        "stock": 65,
        "created_at": "2026-06-29T15:44:33.000000Z",
        "updated_at": "2026-06-29T15:44:33.000000Z"
    },
    {
        "id": 55,
        "name": "illo",
        "price": 1635,
        "stock": 83,
        "created_at": "2026-06-29T15:44:33.000000Z",
        "updated_at": "2026-06-29T15:44:33.000000Z"
    },
    {
        "id": 56,
        "name": "placeat",
        "price": 2861,
        "stock": 71,
        "created_at": "2026-06-29T15:44:33.000000Z",
        "updated_at": "2026-06-29T15:44:33.000000Z"
    },
    {
        "id": 57,
        "name": "laudantium",
        "price": 3513,
        "stock": 94,
        "created_at": "2026-06-29T15:44:33.000000Z",
        "updated_at": "2026-06-29T15:44:33.000000Z"
    },
    {
        "id": 58,
        "name": "eligendi",
        "price": 2687,
        "stock": 39,
        "created_at": "2026-06-29T15:44:33.000000Z",
        "updated_at": "2026-06-29T15:44:33.000000Z"
    },
    {
        "id": 59,
        "name": "praesentium",
        "price": 3632,
        "stock": 44,
        "created_at": "2026-06-29T15:44:33.000000Z",
        "updated_at": "2026-06-29T15:44:33.000000Z"
    },
    {
        "id": 60,
        "name": "consequatur",
        "price": 4080,
        "stock": 55,
        "created_at": "2026-06-29T15:44:33.000000Z",
        "updated_at": "2026-06-29T15:44:33.000000Z"
    },
    {
        "id": 61,
        "name": "quas",
        "price": 3051,
        "stock": 43,
        "created_at": "2026-06-29T15:44:33.000000Z",
        "updated_at": "2026-06-29T15:44:33.000000Z"
    },
    {
        "id": 62,
        "name": "officia",
        "price": 1668,
        "stock": 41,
        "created_at": "2026-06-29T15:44:33.000000Z",
        "updated_at": "2026-06-29T15:44:33.000000Z"
    },
    {
        "id": 63,
        "name": "et",
        "price": 3486,
        "stock": 53,
        "created_at": "2026-06-29T15:44:33.000000Z",
        "updated_at": "2026-06-29T15:44:33.000000Z"
    },
    {
        "id": 64,
        "name": "et",
        "price": 3648,
        "stock": 57,
        "created_at": "2026-06-29T15:44:33.000000Z",
        "updated_at": "2026-06-29T15:44:33.000000Z"
    },
    {
        "id": 65,
        "name": "distinctio",
        "price": 1142,
        "stock": 37,
        "created_at": "2026-06-29T15:44:33.000000Z",
        "updated_at": "2026-06-29T15:44:33.000000Z"
    },
    {
        "id": 66,
        "name": "itaque",
        "price": 4258,
        "stock": 12,
        "created_at": "2026-06-29T15:44:33.000000Z",
        "updated_at": "2026-06-29T15:44:33.000000Z"
    },
    {
        "id": 67,
        "name": "labore",
        "price": 1122,
        "stock": 8,
        "created_at": "2026-06-29T15:44:33.000000Z",
        "updated_at": "2026-06-29T15:44:33.000000Z"
    },
    {
        "id": 68,
        "name": "eum",
        "price": 2193,
        "stock": 98,
        "created_at": "2026-06-29T15:44:33.000000Z",
        "updated_at": "2026-06-29T15:44:33.000000Z"
    },
    {
        "id": 69,
        "name": "sit",
        "price": 1152,
        "stock": 29,
        "created_at": "2026-06-29T15:44:33.000000Z",
        "updated_at": "2026-06-29T15:44:33.000000Z"
    },
    {
        "id": 70,
        "name": "rem",
        "price": 425,
        "stock": 91,
        "created_at": "2026-06-29T15:44:33.000000Z",
        "updated_at": "2026-06-29T15:44:33.000000Z"
    },
    {
        "id": 71,
        "name": "voluptatem",
        "price": 3822,
        "stock": 21,
        "created_at": "2026-06-29T15:44:33.000000Z",
        "updated_at": "2026-06-29T15:44:33.000000Z"
    },
    {
        "id": 72,
        "name": "et",
        "price": 2460,
        "stock": 19,
        "created_at": "2026-06-29T15:44:33.000000Z",
        "updated_at": "2026-06-29T15:44:33.000000Z"
    },
    {
        "id": 73,
        "name": "dolorum",
        "price": 824,
        "stock": 7,
        "created_at": "2026-06-29T15:44:33.000000Z",
        "updated_at": "2026-06-29T15:44:33.000000Z"
    },
    {
        "id": 74,
        "name": "aspernatur",
        "price": 3033,
        "stock": 32,
        "created_at": "2026-06-29T15:44:33.000000Z",
        "updated_at": "2026-06-29T15:44:33.000000Z"
    },
    {
        "id": 75,
        "name": "consectetur",
        "price": 4123,
        "stock": 54,
        "created_at": "2026-06-29T15:44:33.000000Z",
        "updated_at": "2026-06-29T15:44:33.000000Z"
    },
    {
        "id": 76,
        "name": "cupiditate",
        "price": 1747,
        "stock": 17,
        "created_at": "2026-06-29T15:44:33.000000Z",
        "updated_at": "2026-06-29T15:44:33.000000Z"
    },
    {
        "id": 77,
        "name": "molestias",
        "price": 2269,
        "stock": 63,
        "created_at": "2026-06-29T15:44:33.000000Z",
        "updated_at": "2026-06-29T15:44:33.000000Z"
    },
    {
        "id": 78,
        "name": "quasi",
        "price": 4312,
        "stock": 62,
        "created_at": "2026-06-29T15:44:33.000000Z",
        "updated_at": "2026-06-29T15:44:33.000000Z"
    },
    {
        "id": 79,
        "name": "quia",
        "price": 810,
        "stock": 49,
        "created_at": "2026-06-29T15:44:33.000000Z",
        "updated_at": "2026-06-29T15:44:33.000000Z"
    },
    {
        "id": 80,
        "name": "et",
        "price": 1838,
        "stock": 66,
        "created_at": "2026-06-29T15:44:33.000000Z",
        "updated_at": "2026-06-29T15:44:33.000000Z"
    },
    {
        "id": 81,
        "name": "earum",
        "price": 1893,
        "stock": 75,
        "created_at": "2026-06-29T15:44:33.000000Z",
        "updated_at": "2026-06-29T15:44:33.000000Z"
    },
    {
        "id": 82,
        "name": "soluta",
        "price": 2928,
        "stock": 81,
        "created_at": "2026-06-29T15:44:33.000000Z",
        "updated_at": "2026-06-29T15:44:33.000000Z"
    },
    {
        "id": 83,
        "name": "numquam",
        "price": 4746,
        "stock": 60,
        "created_at": "2026-06-29T15:44:33.000000Z",
        "updated_at": "2026-06-29T15:44:33.000000Z"
    },
    {
        "id": 84,
        "name": "distinctio",
        "price": 4187,
        "stock": 88,
        "created_at": "2026-06-29T15:44:33.000000Z",
        "updated_at": "2026-06-29T15:44:33.000000Z"
    },
    {
        "id": 85,
        "name": "ut",
        "price": 754,
        "stock": 61,
        "created_at": "2026-06-29T15:44:33.000000Z",
        "updated_at": "2026-06-29T15:44:33.000000Z"
    },
    {
        "id": 86,
        "name": "culpa",
        "price": 2230,
        "stock": 87,
        "created_at": "2026-06-29T15:44:33.000000Z",
        "updated_at": "2026-06-29T15:44:33.000000Z"
    },
    {
        "id": 87,
        "name": "nostrum",
        "price": 4847,
        "stock": 93,
        "created_at": "2026-06-29T15:44:33.000000Z",
        "updated_at": "2026-06-29T15:44:33.000000Z"
    },
    {
        "id": 88,
        "name": "reprehenderit",
        "price": 3968,
        "stock": 94,
        "created_at": "2026-06-29T15:44:33.000000Z",
        "updated_at": "2026-06-29T15:44:33.000000Z"
    },
    {
        "id": 89,
        "name": "voluptatem",
        "price": 2120,
        "stock": 28,
        "created_at": "2026-06-29T15:44:33.000000Z",
        "updated_at": "2026-06-29T15:44:33.000000Z"
    },
    {
        "id": 90,
        "name": "accusantium",
        "price": 2027,
        "stock": 5,
        "created_at": "2026-06-29T15:44:33.000000Z",
        "updated_at": "2026-06-29T15:44:33.000000Z"
    },
    {
        "id": 91,
        "name": "illo",
        "price": 2267,
        "stock": 36,
        "created_at": "2026-06-29T15:44:33.000000Z",
        "updated_at": "2026-06-29T15:44:33.000000Z"
    },
    {
        "id": 92,
        "name": "possimus",
        "price": 4237,
        "stock": 70,
        "created_at": "2026-06-29T15:44:33.000000Z",
        "updated_at": "2026-06-29T15:44:33.000000Z"
    },
    {
        "id": 93,
        "name": "quas",
        "price": 903,
        "stock": 43,
        "created_at": "2026-06-29T15:44:33.000000Z",
        "updated_at": "2026-06-29T15:44:33.000000Z"
    },
    {
        "id": 94,
        "name": "consectetur",
        "price": 1997,
        "stock": 12,
        "created_at": "2026-06-29T15:44:33.000000Z",
        "updated_at": "2026-06-29T15:44:33.000000Z"
    },
    {
        "id": 95,
        "name": "beatae",
        "price": 456,
        "stock": 81,
        "created_at": "2026-06-29T15:44:33.000000Z",
        "updated_at": "2026-06-29T15:44:33.000000Z"
    },
    {
        "id": 96,
        "name": "maiores",
        "price": 4518,
        "stock": 51,
        "created_at": "2026-06-29T15:44:33.000000Z",
        "updated_at": "2026-06-29T15:44:33.000000Z"
    },
    {
        "id": 97,
        "name": "autem",
        "price": 1989,
        "stock": 87,
        "created_at": "2026-06-29T15:44:33.000000Z",
        "updated_at": "2026-06-29T15:44:33.000000Z"
    },
    {
        "id": 98,
        "name": "aliquid",
        "price": 3115,
        "stock": 82,
        "created_at": "2026-06-29T15:44:33.000000Z",
        "updated_at": "2026-06-29T15:44:33.000000Z"
    },
    {
        "id": 99,
        "name": "eligendi",
        "price": 1867,
        "stock": 80,
        "created_at": "2026-06-29T15:44:33.000000Z",
        "updated_at": "2026-06-29T15:44:33.000000Z"
    },
    {
        "id": 100,
        "name": "voluptatem",
        "price": 3205,
        "stock": 83,
        "created_at": "2026-06-29T15:44:33.000000Z",
        "updated_at": "2026-06-29T15:44:33.000000Z"
    },
    {
        "id": 103,
        "name": "debby",
        "price": 9999,
        "stock": 0,
        "created_at": "2026-07-08T08:22:23.000000Z",
        "updated_at": "2026-07-08T08:22:23.000000Z"
    },
    {
        "id": 104,
        "name": "MacBook Pro",
        "price": 65000,
        "stock": 20,
        "created_at": "2026-07-09T05:07:50.000000Z",
        "updated_at": "2026-07-09T05:07:50.000000Z"
    },
    {
        "id": 105,
        "name": "MacBook Pro",
        "price": 65000,
        "stock": 20,
        "created_at": "2026-07-09T05:13:02.000000Z",
        "updated_at": "2026-07-09T05:13:02.000000Z"
    },
    {
        "id": 107,
        "name": "MacBook Pro",
        "price": 65000,
        "stock": 20,
        "created_at": "2026-07-09T07:50:17.000000Z",
        "updated_at": "2026-07-09T07:50:17.000000Z"
    },
    {
        "id": 113,
        "name": "iPhone 18",
        "price": 39999,
        "stock": 22,
        "created_at": "2026-07-10T08:37:18.000000Z",
        "updated_at": "2026-07-10T08:37:18.000000Z"
    },
    {
        "id": 114,
        "name": "iPhone 18",
        "price": 39999,
        "stock": 22,
        "created_at": "2026-07-10T09:43:14.000000Z",
        "updated_at": "2026-07-10T09:43:14.000000Z"
    },
    {
        "id": 115,
        "name": "Pixel 10",
        "price": 32000,
        "stock": 30,
        "created_at": "2026-07-10T09:43:14.000000Z",
        "updated_at": "2026-07-10T09:43:14.000000Z"
    },
    {
        "id": 116,
        "name": "iPhone 18",
        "price": 39999,
        "stock": 22,
        "created_at": "2026-07-10T09:43:44.000000Z",
        "updated_at": "2026-07-10T09:43:44.000000Z"
    },
    {
        "id": 117,
        "name": "Pixel 10",
        "price": 32000,
        "stock": 30,
        "created_at": "2026-07-10T09:43:45.000000Z",
        "updated_at": "2026-07-10T09:43:45.000000Z"
    },
    {
        "id": 118,
        "name": "iPhone 18",
        "price": 39999,
        "stock": 22,
        "created_at": "2026-07-10T09:47:01.000000Z",
        "updated_at": "2026-07-10T09:47:01.000000Z"
    },
    {
        "id": 119,
        "name": "Pixel 10",
        "price": 32000,
        "stock": 30,
        "created_at": "2026-07-10T09:47:02.000000Z",
        "updated_at": "2026-07-10T09:47:02.000000Z"
    },
    {
        "id": 120,
        "name": "iPhone 18",
        "price": 39999,
        "stock": 22,
        "created_at": "2026-07-10T09:50:47.000000Z",
        "updated_at": "2026-07-10T09:50:47.000000Z"
    },
    {
        "id": 121,
        "name": "Pixel 10",
        "price": 32000,
        "stock": 30,
        "created_at": "2026-07-10T09:50:48.000000Z",
        "updated_at": "2026-07-10T09:50:48.000000Z"
    },
    {
        "id": 122,
        "name": "iPhone 18",
        "price": 39999,
        "stock": 22,
        "created_at": "2026-07-10T09:56:02.000000Z",
        "updated_at": "2026-07-10T09:56:02.000000Z"
    },
    {
        "id": 123,
        "name": "Pixel 10",
        "price": 32000,
        "stock": 30,
        "created_at": "2026-07-10T09:56:02.000000Z",
        "updated_at": "2026-07-10T09:56:02.000000Z"
    },
    {
        "id": 124,
        "name": "iPhone 18",
        "price": 39999,
        "stock": 22,
        "created_at": "2026-07-10T09:57:03.000000Z",
        "updated_at": "2026-07-10T09:57:03.000000Z"
    },
    {
        "id": 125,
        "name": "Pixel 10",
        "price": 32000,
        "stock": 30,
        "created_at": "2026-07-10T09:57:04.000000Z",
        "updated_at": "2026-07-10T09:57:04.000000Z"
    },
    {
        "id": 126,
        "name": "iPhone 18",
        "price": 39999,
        "stock": 22,
        "created_at": "2026-07-10T09:58:14.000000Z",
        "updated_at": "2026-07-10T09:58:14.000000Z"
    },
    {
        "id": 127,
        "name": "Pixel 10",
        "price": 32000,
        "stock": 30,
        "created_at": "2026-07-10T09:58:14.000000Z",
        "updated_at": "2026-07-10T09:58:14.000000Z"
    },
    {
        "id": 128,
        "name": "iPhone 18",
        "price": 39999,
        "stock": 22,
        "created_at": "2026-07-10T09:59:12.000000Z",
        "updated_at": "2026-07-10T09:59:12.000000Z"
    },
    {
        "id": 129,
        "name": "Pixel 10",
        "price": 32000,
        "stock": 30,
        "created_at": "2026-07-10T09:59:13.000000Z",
        "updated_at": "2026-07-10T09:59:13.000000Z"
    },
    {
        "id": 130,
        "name": "iPhone 18",
        "price": 39999,
        "stock": 22,
        "created_at": "2026-07-10T09:59:58.000000Z",
        "updated_at": "2026-07-10T09:59:58.000000Z"
    },
    {
        "id": 131,
        "name": "Pixel 10",
        "price": 32000,
        "stock": 30,
        "created_at": "2026-07-10T09:59:59.000000Z",
        "updated_at": "2026-07-10T09:59:59.000000Z"
    },
    {
        "id": 132,
        "name": "iPhone 18",
        "price": 39999,
        "stock": 22,
        "created_at": "2026-07-13T09:38:23.000000Z",
        "updated_at": "2026-07-13T09:38:23.000000Z"
    },
    {
        "id": 133,
        "name": "Pixel 10",
        "price": 32000,
        "stock": 30,
        "created_at": "2026-07-13T09:38:24.000000Z",
        "updated_at": "2026-07-13T09:38:24.000000Z"
    },
    {
        "id": 134,
        "name": "Pixel 10 Pro",
        "price": 38000,
        "stock": 40,
        "created_at": "2026-07-13T09:38:25.000000Z",
        "updated_at": "2026-07-13T09:38:26.000000Z"
    },
    {
        "id": 136,
        "name": "Pixel_1784111898",
        "price": 32000,
        "stock": 30,
        "created_at": "2026-07-15T10:38:18.000000Z",
        "updated_at": "2026-07-15T10:38:18.000000Z"
    },
    {
        "id": 137,
        "name": "Pixel_1784111898",
        "price": 32000,
        "stock": 30,
        "created_at": "2026-07-15T10:38:19.000000Z",
        "updated_at": "2026-07-15T10:38:19.000000Z"
    },
    {
        "id": 138,
        "name": "Pixel_1784111899",
        "price": 38000,
        "stock": 40,
        "created_at": "2026-07-15T10:38:19.000000Z",
        "updated_at": "2026-07-15T10:38:19.000000Z"
    },
    {
        "id": 140,
        "name": "Pixel_1784112563",
        "price": 32000,
        "stock": 30,
        "created_at": "2026-07-15T10:49:23.000000Z",
        "updated_at": "2026-07-15T10:49:23.000000Z"
    },
    {
        "id": 141,
        "name": "Pixel_1784112563",
        "price": 32000,
        "stock": 30,
        "created_at": "2026-07-15T10:49:23.000000Z",
        "updated_at": "2026-07-15T10:49:23.000000Z"
    },
    {
        "id": 142,
        "name": "Pixel_1784112564",
        "price": 38000,
        "stock": 40,
        "created_at": "2026-07-15T10:49:24.000000Z",
        "updated_at": "2026-07-15T10:49:24.000000Z"
    },
    {
        "id": 144,
        "name": "Pixel_3e77f7b2",
        "price": 32000,
        "stock": 30,
        "created_at": "2026-07-16T06:58:47.000000Z",
        "updated_at": "2026-07-16T06:58:47.000000Z"
    },
    {
        "id": 145,
        "name": "Pixel_fa7ea964",
        "price": 32000,
        "stock": 30,
        "created_at": "2026-07-16T06:58:48.000000Z",
        "updated_at": "2026-07-16T06:58:48.000000Z"
    },
    {
        "id": 146,
        "name": "Pixel_a00ee6c6",
        "price": 38000,
        "stock": 40,
        "created_at": "2026-07-16T06:58:49.000000Z",
        "updated_at": "2026-07-16T06:58:49.000000Z"
    },
    {
        "id": 148,
        "name": "Pixel_fe94c9a7",
        "price": 32000,
        "stock": 30,
        "created_at": "2026-07-16T07:07:59.000000Z",
        "updated_at": "2026-07-16T07:07:59.000000Z"
    },
    {
        "id": 149,
        "name": "Pixel_1e4bdf6d",
        "price": 32000,
        "stock": 30,
        "created_at": "2026-07-16T07:07:59.000000Z",
        "updated_at": "2026-07-16T07:07:59.000000Z"
    },
    {
        "id": 150,
        "name": "Pixel_b6d42ddc",
        "price": 38000,
        "stock": 40,
        "created_at": "2026-07-16T07:07:59.000000Z",
        "updated_at": "2026-07-16T07:08:00.000000Z"
    },
    {
        "id": 152,
        "name": "Pixel_0951f9d5",
        "price": 32000,
        "stock": 30,
        "created_at": "2026-07-16T07:10:43.000000Z",
        "updated_at": "2026-07-16T07:10:43.000000Z"
    },
    {
        "id": 153,
        "name": "Pixel_8f9c9353",
        "price": 32000,
        "stock": 30,
        "created_at": "2026-07-16T07:10:43.000000Z",
        "updated_at": "2026-07-16T07:10:43.000000Z"
    },
    {
        "id": 154,
        "name": "Pixel_e3066c8f",
        "price": 38000,
        "stock": 40,
        "created_at": "2026-07-16T07:10:44.000000Z",
        "updated_at": "2026-07-16T07:10:44.000000Z"
    },
    {
        "id": 156,
        "name": "Pixel_d8c53863",
        "price": 32000,
        "stock": 30,
        "created_at": "2026-07-16T07:15:44.000000Z",
        "updated_at": "2026-07-16T07:15:44.000000Z"
    },
    {
        "id": 157,
        "name": "Pixel_c0cd3876",
        "price": 32000,
        "stock": 30,
        "created_at": "2026-07-16T07:15:45.000000Z",
        "updated_at": "2026-07-16T07:15:45.000000Z"
    },
    {
        "id": 158,
        "name": "Pixel_53a0dc3e",
        "price": 38000,
        "stock": 40,
        "created_at": "2026-07-16T07:15:45.000000Z",
        "updated_at": "2026-07-16T07:15:45.000000Z"
    },
    {
        "id": 160,
        "name": "Pixel_521f0463",
        "price": 32000,
        "stock": 30,
        "created_at": "2026-07-16T07:24:25.000000Z",
        "updated_at": "2026-07-16T07:24:25.000000Z"
    },
    {
        "id": 161,
        "name": "Pixel_70e5703b",
        "price": 32000,
        "stock": 30,
        "created_at": "2026-07-16T07:24:26.000000Z",
        "updated_at": "2026-07-16T07:24:26.000000Z"
    },
    {
        "id": 162,
        "name": "Pixel_9ad7031a",
        "price": 38000,
        "stock": 40,
        "created_at": "2026-07-16T07:24:27.000000Z",
        "updated_at": "2026-07-16T07:24:27.000000Z"
    },
    {
        "id": 164,
        "name": "Pixel_Pixel_7531507e",
        "price": 32000,
        "stock": 40,
        "created_at": "2026-07-16T07:24:29.000000Z",
        "updated_at": "2026-07-16T07:24:29.000000Z"
    },
    {
        "id": 165,
        "name": "iPhone_Pixel_9bfa0a89",
        "price": 45000,
        "stock": 30,
        "created_at": "2026-07-16T07:24:29.000000Z",
        "updated_at": "2026-07-16T07:24:29.000000Z"
    },
    {
        "id": 166,
        "name": "Galaxy_Pixel_6aaceb1e",
        "price": 28000,
        "stock": 35,
        "created_at": "2026-07-16T07:24:30.000000Z",
        "updated_at": "2026-07-16T07:24:30.000000Z"
    },
    {
        "id": 167,
        "name": "Pixel_af12fab7",
        "price": 32000,
        "stock": 30,
        "created_at": "2026-07-16T07:27:14.000000Z",
        "updated_at": "2026-07-16T07:27:14.000000Z"
    },
    {
        "id": 168,
        "name": "Pixel_086c52c1",
        "price": 32000,
        "stock": 30,
        "created_at": "2026-07-16T07:27:14.000000Z",
        "updated_at": "2026-07-16T07:27:14.000000Z"
    },
    {
        "id": 169,
        "name": "Pixel_16609355",
        "price": 38000,
        "stock": 40,
        "created_at": "2026-07-16T07:27:15.000000Z",
        "updated_at": "2026-07-16T07:27:15.000000Z"
    },
    {
        "id": 171,
        "name": "Pixel_Pixel_244223ad",
        "price": 32000,
        "stock": 40,
        "created_at": "2026-07-16T07:27:17.000000Z",
        "updated_at": "2026-07-16T07:27:17.000000Z"
    },
    {
        "id": 172,
        "name": "iPhone_Pixel_143c3f7e",
        "price": 45000,
        "stock": 30,
        "created_at": "2026-07-16T07:27:17.000000Z",
        "updated_at": "2026-07-16T07:27:17.000000Z"
    },
    {
        "id": 173,
        "name": "Galaxy_Pixel_e255952f",
        "price": 28000,
        "stock": 35,
        "created_at": "2026-07-16T07:27:18.000000Z",
        "updated_at": "2026-07-16T07:27:18.000000Z"
    },
    {
        "id": 174,
        "name": "Pixel_1bd73e68",
        "price": 32000,
        "stock": 30,
        "created_at": "2026-07-17T02:01:04.000000Z",
        "updated_at": "2026-07-17T02:01:04.000000Z"
    },
    {
        "id": 175,
        "name": "Pixel_100609e9",
        "price": 32000,
        "stock": 30,
        "created_at": "2026-07-17T02:01:05.000000Z",
        "updated_at": "2026-07-17T02:01:05.000000Z"
    },
    {
        "id": 176,
        "name": "Pixel_b80718eb",
        "price": 38000,
        "stock": 40,
        "created_at": "2026-07-17T02:01:06.000000Z",
        "updated_at": "2026-07-17T02:01:07.000000Z"
    },
    {
        "id": 178,
        "name": "Pixel_da2dbbfe",
        "price": 32000,
        "stock": 30,
        "created_at": "2026-07-17T02:12:51.000000Z",
        "updated_at": "2026-07-17T02:12:51.000000Z"
    },
    {
        "id": 179,
        "name": "Pixel_7610e3ac",
        "price": 32000,
        "stock": 30,
        "created_at": "2026-07-17T02:12:51.000000Z",
        "updated_at": "2026-07-17T02:12:51.000000Z"
    },
    {
        "id": 180,
        "name": "Pixel_2058d6fa",
        "price": 38000,
        "stock": 40,
        "created_at": "2026-07-17T02:12:52.000000Z",
        "updated_at": "2026-07-17T02:12:52.000000Z"
    },
    {
        "id": 182,
        "name": "Pixel_7353ea32",
        "price": 32000,
        "stock": 30,
        "created_at": "2026-07-17T02:13:03.000000Z",
        "updated_at": "2026-07-17T02:13:03.000000Z"
    },
    {
        "id": 183,
        "name": "Pixel_9ab9fa5b",
        "price": 32000,
        "stock": 30,
        "created_at": "2026-07-17T02:13:03.000000Z",
        "updated_at": "2026-07-17T02:13:03.000000Z"
    },
    {
        "id": 184,
        "name": "Pixel_c331f61f",
        "price": 38000,
        "stock": 40,
        "created_at": "2026-07-17T02:13:04.000000Z",
        "updated_at": "2026-07-17T02:13:04.000000Z"
    },
    {
        "id": 186,
        "name": "Pixel_b2283669",
        "price": 32000,
        "stock": 30,
        "created_at": "2026-07-20T10:14:48.000000Z",
        "updated_at": "2026-07-20T10:14:48.000000Z"
    },
    {
        "id": 187,
        "name": "Pixel_04493fdc",
        "price": 32000,
        "stock": 30,
        "created_at": "2026-07-20T10:14:49.000000Z",
        "updated_at": "2026-07-20T10:14:49.000000Z"
    },
    {
        "id": 188,
        "name": "Pixel_91171ecb",
        "price": 38000,
        "stock": 40,
        "created_at": "2026-07-20T10:14:50.000000Z",
        "updated_at": "2026-07-20T10:14:51.000000Z"
    },
    {
        "id": 190,
        "name": "Pixel_58fe389b",
        "price": 32000,
        "stock": 30,
        "created_at": "2026-07-20T10:19:31.000000Z",
        "updated_at": "2026-07-20T10:19:31.000000Z"
    },
    {
        "id": 191,
        "name": "Pixel_40dcf417",
        "price": 32000,
        "stock": 30,
        "created_at": "2026-07-20T10:19:32.000000Z",
        "updated_at": "2026-07-20T10:19:32.000000Z"
    },
    {
        "id": 192,
        "name": "Pixel_b7b9bbaa",
        "price": 38000,
        "stock": 40,
        "created_at": "2026-07-20T10:19:32.000000Z",
        "updated_at": "2026-07-20T10:19:33.000000Z"
    },
    {
        "id": 194,
        "name": "Pixel_9b640bd5",
        "price": 32000,
        "stock": 30,
        "created_at": "2026-07-21T08:27:02.000000Z",
        "updated_at": "2026-07-21T08:27:02.000000Z"
    },
    {
        "id": 195,
        "name": "Pixel_8d9faa53",
        "price": 32000,
        "stock": 30,
        "created_at": "2026-07-21T08:27:03.000000Z",
        "updated_at": "2026-07-21T08:27:03.000000Z"
    },
    {
        "id": 196,
        "name": "Pixel_21a0ea1b",
        "price": 38000,
        "stock": 40,
        "created_at": "2026-07-21T08:27:04.000000Z",
        "updated_at": "2026-07-21T08:27:04.000000Z"
    },
    {
        "id": 198,
        "name": "Pixel_8dfe68e3",
        "price": 32000,
        "stock": 30,
        "created_at": "2026-07-21T10:42:06.000000Z",
        "updated_at": "2026-07-21T10:42:06.000000Z"
    },
    {
        "id": 199,
        "name": "Pixel_d0255e08",
        "price": 32000,
        "stock": 30,
        "created_at": "2026-07-21T10:42:06.000000Z",
        "updated_at": "2026-07-21T10:42:06.000000Z"
    },
    {
        "id": 200,
        "name": "Pixel_7117edf6",
        "price": 32000,
        "stock": 30,
        "created_at": "2026-07-21T10:42:06.000000Z",
        "updated_at": "2026-07-21T10:42:06.000000Z"
    },
    {
        "id": 201,
        "name": "Pixel_e174191b",
        "price": 32000,
        "stock": 30,
        "created_at": "2026-07-21T10:42:06.000000Z",
        "updated_at": "2026-07-21T10:42:06.000000Z"
    },
    {
        "id": 202,
        "name": "Pixel_10b5b2e5",
        "price": 32000,
        "stock": 30,
        "created_at": "2026-07-21T10:50:35.000000Z",
        "updated_at": "2026-07-21T10:50:35.000000Z"
    },
    {
        "id": 203,
        "name": "Pixel_6f6c1091",
        "price": 32000,
        "stock": 30,
        "created_at": "2026-07-21T10:50:36.000000Z",
        "updated_at": "2026-07-21T10:50:36.000000Z"
    },
    {
        "id": 204,
        "name": "Pixel_1ffbfaf8",
        "price": 38000,
        "stock": 40,
        "created_at": "2026-07-21T10:50:36.000000Z",
        "updated_at": "2026-07-21T10:50:36.000000Z"
    },
    {
        "id": 206,
        "name": "Pixel_460ee900",
        "price": 32000,
        "stock": 30,
        "created_at": "2026-07-22T09:52:33.000000Z",
        "updated_at": "2026-07-22T09:52:33.000000Z"
    },
    {
        "id": 207,
        "name": "Pixel_69257663",
        "price": 32000,
        "stock": 30,
        "created_at": "2026-07-22T09:52:35.000000Z",
        "updated_at": "2026-07-22T09:52:35.000000Z"
    },
    {
        "id": 209,
        "name": "Pixel_c2d8d613",
        "price": 32000,
        "stock": 30,
        "created_at": "2026-07-22T10:04:43.000000Z",
        "updated_at": "2026-07-22T10:04:43.000000Z"
    },
    {
        "id": 210,
        "name": "Pixel_9c5442db",
        "price": 32000,
        "stock": 30,
        "created_at": "2026-07-22T10:04:43.000000Z",
        "updated_at": "2026-07-22T10:04:43.000000Z"
    },
    {
        "id": 211,
        "name": "Pixel_a40e257f",
        "price": 38000,
        "stock": 40,
        "created_at": "2026-07-22T10:04:44.000000Z",
        "updated_at": "2026-07-22T10:04:44.000000Z"
    },
    {
        "id": 213,
        "name": "Pixel_c7b4289c",
        "price": 32000,
        "stock": 30,
        "created_at": "2026-07-23T08:08:11.000000Z",
        "updated_at": "2026-07-23T08:08:11.000000Z"
    },
    {
        "id": 214,
        "name": "Pixel_653fc3b6",
        "price": 32000,
        "stock": 30,
        "created_at": "2026-07-23T08:08:12.000000Z",
        "updated_at": "2026-07-23T08:08:12.000000Z"
    },
    {
        "id": 215,
        "name": "Pixel_f0fe1a0a",
        "price": 38000,
        "stock": 40,
        "created_at": "2026-07-23T08:08:13.000000Z",
        "updated_at": "2026-07-23T08:08:14.000000Z"
    }
]
2026-07-23 16:40:39,278 ============================================================
2026-07-23 16:40:39,684 ============================================================
2026-07-23 16:40:39,685 Method : POST
2026-07-23 16:40:39,685 URL    : http://127.0.0.1:8000/api/products
2026-07-23 16:40:39,685 
Headers
2026-07-23 16:40:39,685 {
    "Content-Type": "application/json"
}
2026-07-23 16:40:39,685 
Request Body
2026-07-23 16:40:39,685 {
    "name": "Pixel_a0af43d4",
    "price": 32000,
    "stock": 30
}
2026-07-23 16:40:39,685 
Status Code : 201
2026-07-23 16:40:39,685 
Response
2026-07-23 16:40:39,685 {
    "name": "Pixel_a0af43d4",
    "price": 32000,
    "stock": 30,
    "updated_at": "2026-07-23T08:40:39.000000Z",
    "created_at": "2026-07-23T08:40:39.000000Z",
    "id": 217
}
2026-07-23 16:40:39,685 ============================================================
2026-07-23 16:40:40,141 ============================================================
2026-07-23 16:40:40,141 Method : POST
2026-07-23 16:40:40,141 URL    : http://127.0.0.1:8000/api/products
2026-07-23 16:40:40,141 
Headers
2026-07-23 16:40:40,141 {
    "Content-Type": "application/json"
}
2026-07-23 16:40:40,141 
Request Body
2026-07-23 16:40:40,141 {
    "name": "Pixel_8c9df629",
    "price": 32000,
    "stock": 30
}
2026-07-23 16:40:40,141 
Status Code : 201
2026-07-23 16:40:40,142 
Response
2026-07-23 16:40:40,142 {
    "name": "Pixel_8c9df629",
    "price": 32000,
    "stock": 30,
    "updated_at": "2026-07-23T08:40:40.000000Z",
    "created_at": "2026-07-23T08:40:40.000000Z",
    "id": 218
}
2026-07-23 16:40:40,142 ============================================================
2026-07-23 16:40:40,535 ============================================================
2026-07-23 16:40:40,535 Method : GET
2026-07-23 16:40:40,535 URL    : http://127.0.0.1:8000/api/products/218
2026-07-23 16:40:40,535 
Headers
2026-07-23 16:40:40,535 {
    "Content-Type": "application/json"
}
2026-07-23 16:40:40,535 
Request Body
2026-07-23 16:40:40,535 {}
2026-07-23 16:40:40,535 
Status Code : 200
2026-07-23 16:40:40,535 
Response
2026-07-23 16:40:40,535 {
    "id": 218,
    "name": "Pixel_8c9df629",
    "price": 32000,
    "stock": 30,
    "created_at": "2026-07-23T08:40:40.000000Z",
    "updated_at": "2026-07-23T08:40:40.000000Z"
}
2026-07-23 16:40:40,535 ============================================================
2026-07-23 16:40:40,878 ============================================================
2026-07-23 16:40:40,878 Method : POST
2026-07-23 16:40:40,878 URL    : http://127.0.0.1:8000/api/products
2026-07-23 16:40:40,878 
Headers
2026-07-23 16:40:40,878 {
    "Content-Type": "application/json"
}
2026-07-23 16:40:40,878 
Request Body
2026-07-23 16:40:40,878 {
    "name": "Pixel_2d077975",
    "price": 32000,
    "stock": 30
}
2026-07-23 16:40:40,878 
Status Code : 201
2026-07-23 16:40:40,878 
Response
2026-07-23 16:40:40,878 {
    "name": "Pixel_2d077975",
    "price": 32000,
    "stock": 30,
    "updated_at": "2026-07-23T08:40:40.000000Z",
    "created_at": "2026-07-23T08:40:40.000000Z",
    "id": 219
}
2026-07-23 16:40:40,878 ============================================================
2026-07-23 16:40:41,292 ============================================================
2026-07-23 16:40:41,292 Method : PUT
2026-07-23 16:40:41,292 URL    : http://127.0.0.1:8000/api/products/219
2026-07-23 16:40:41,292 
Headers
2026-07-23 16:40:41,292 {
    "Content-Type": "application/json"
}
2026-07-23 16:40:41,293 
Request Body
2026-07-23 16:40:41,293 {
    "name": "Pixel_fbe108ad",
    "price": 38000,
    "stock": 40
}
2026-07-23 16:40:41,293 
Status Code : 200
2026-07-23 16:40:41,293 
Response
2026-07-23 16:40:41,293 {
    "id": 219,
    "name": "Pixel_fbe108ad",
    "price": 38000,
    "stock": 40,
    "created_at": "2026-07-23T08:40:40.000000Z",
    "updated_at": "2026-07-23T08:40:41.000000Z"
}
2026-07-23 16:40:41,293 ============================================================
2026-07-23 16:40:41,677 ============================================================
2026-07-23 16:40:41,677 Method : GET
2026-07-23 16:40:41,677 URL    : http://127.0.0.1:8000/api/products/219
2026-07-23 16:40:41,677 
Headers
2026-07-23 16:40:41,677 {
    "Content-Type": "application/json"
}
2026-07-23 16:40:41,677 
Request Body
2026-07-23 16:40:41,677 {}
2026-07-23 16:40:41,677 
Status Code : 200
2026-07-23 16:40:41,677 
Response
2026-07-23 16:40:41,677 {
    "id": 219,
    "name": "Pixel_fbe108ad",
    "price": 38000,
    "stock": 40,
    "created_at": "2026-07-23T08:40:40.000000Z",
    "updated_at": "2026-07-23T08:40:41.000000Z"
}
2026-07-23 16:40:41,677 ============================================================
2026-07-23 16:40:42,095 ============================================================
2026-07-23 16:40:42,095 Method : POST
2026-07-23 16:40:42,095 URL    : http://127.0.0.1:8000/api/products
2026-07-23 16:40:42,095 
Headers
2026-07-23 16:40:42,095 {
    "Content-Type": "application/json"
}
2026-07-23 16:40:42,095 
Request Body
2026-07-23 16:40:42,095 {
    "name": "Pixel_fd6fe20a",
    "price": 32000,
    "stock": 30
}
2026-07-23 16:40:42,096 
Status Code : 201
2026-07-23 16:40:42,096 
Response
2026-07-23 16:40:42,096 {
    "name": "Pixel_fd6fe20a",
    "price": 32000,
    "stock": 30,
    "updated_at": "2026-07-23T08:40:42.000000Z",
    "created_at": "2026-07-23T08:40:42.000000Z",
    "id": 220
}
2026-07-23 16:40:42,096 ============================================================
2026-07-23 16:40:42,512 ============================================================
2026-07-23 16:40:42,512 Method : DELETE
2026-07-23 16:40:42,512 URL    : http://127.0.0.1:8000/api/products/220
2026-07-23 16:40:42,512 
Headers
2026-07-23 16:40:42,512 {
    "Content-Type": "application/json"
}
2026-07-23 16:40:42,512 
Request Body
2026-07-23 16:40:42,512 {}
2026-07-23 16:40:42,512 
Status Code : 204
2026-07-23 16:40:42,512 
Response
2026-07-23 16:40:42,513 
2026-07-23 16:40:42,513 ============================================================
2026-07-23 16:40:42,916 ============================================================
2026-07-23 16:40:42,916 Method : GET
2026-07-23 16:40:42,916 URL    : http://127.0.0.1:8000/api/products/220
2026-07-23 16:40:42,916 
Headers
2026-07-23 16:40:42,917 {
    "Content-Type": "application/json"
}
2026-07-23 16:40:42,917 
Request Body
2026-07-23 16:40:42,917 {}
2026-07-23 16:40:42,917 
Status Code : 404
2026-07-23 16:40:42,917 
Response
2026-07-23 16:40:42,917 {
    "message": "No query results for model [App\\Models\\Product] 220",
    "exception": "Symfony\\Component\\HttpKernel\\Exception\\NotFoundHttpException",
    "file": "C:\\laragon\\www\\practice\\vendor\\laravel\\framework\\src\\Illuminate\\Foundation\\Exceptions\\Handler.php",
    "line": 768,
    "trace": [
        {
            "file": "C:\\laragon\\www\\practice\\vendor\\laravel\\framework\\src\\Illuminate\\Foundation\\Exceptions\\Handler.php",
            "line": 716,
            "function": "prepareException",
            "class": "Illuminate\\Foundation\\Exceptions\\Handler",
            "type": "->"
        },
        {
            "file": "C:\\laragon\\www\\practice\\vendor\\laravel\\framework\\src\\Illuminate\\Routing\\Pipeline.php",
            "line": 51,
            "function": "render",
            "class": "Illuminate\\Foundation\\Exceptions\\Handler",
            "type": "->"
        },
        {
            "file": "C:\\laragon\\www\\practice\\vendor\\laravel\\framework\\src\\Illuminate\\Pipeline\\Pipeline.php",
            "line": 224,
            "function": "handleException",
            "class": "Illuminate\\Routing\\Pipeline",
            "type": "->"
        },
        {
            "file": "C:\\laragon\\www\\practice\\vendor\\laravel\\framework\\src\\Illuminate\\Pipeline\\Pipeline.php",
            "line": 137,
            "function": "Illuminate\\Pipeline\\{closure}",
            "class": "Illuminate\\Pipeline\\Pipeline",
            "type": "->"
        },
        {
            "file": "C:\\laragon\\www\\practice\\vendor\\laravel\\framework\\src\\Illuminate\\Routing\\Router.php",
            "line": 821,
            "function": "then",
            "class": "Illuminate\\Pipeline\\Pipeline",
            "type": "->"
        },
        {
            "file": "C:\\laragon\\www\\practice\\vendor\\laravel\\framework\\src\\Illuminate\\Routing\\Router.php",
            "line": 800,
            "function": "runRouteWithinStack",
            "class": "Illuminate\\Routing\\Router",
            "type": "->"
        },
        {
            "file": "C:\\laragon\\www\\practice\\vendor\\laravel\\framework\\src\\Illuminate\\Routing\\Router.php",
            "line": 764,
            "function": "runRoute",
            "class": "Illuminate\\Routing\\Router",
            "type": "->"
        },
        {
            "file": "C:\\laragon\\www\\practice\\vendor\\laravel\\framework\\src\\Illuminate\\Routing\\Router.php",
            "line": 753,
            "function": "dispatchToRoute",
            "class": "Illuminate\\Routing\\Router",
            "type": "->"
        },
        {
            "file": "C:\\laragon\\www\\practice\\vendor\\laravel\\framework\\src\\Illuminate\\Foundation\\Http\\Kernel.php",
            "line": 200,
            "function": "dispatch",
            "class": "Illuminate\\Routing\\Router",
            "type": "->"
        },
        {
            "file": "C:\\laragon\\www\\practice\\vendor\\laravel\\framework\\src\\Illuminate\\Pipeline\\Pipeline.php",
            "line": 180,
            "function": "Illuminate\\Foundation\\Http\\{closure}",
            "class": "Illuminate\\Foundation\\Http\\Kernel",
            "type": "->"
        },
        {
            "file": "C:\\laragon\\www\\practice\\vendor\\laravel\\framework\\src\\Illuminate\\Foundation\\Http\\Middleware\\TransformsRequest.php",
            "line": 21,
            "function": "Illuminate\\Pipeline\\{closure}",
            "class": "Illuminate\\Pipeline\\Pipeline",
            "type": "->"
        },
        {
            "file": "C:\\laragon\\www\\practice\\vendor\\laravel\\framework\\src\\Illuminate\\Foundation\\Http\\Middleware\\ConvertEmptyStringsToNull.php",
            "line": 31,
            "function": "handle",
            "class": "Illuminate\\Foundation\\Http\\Middleware\\TransformsRequest",
            "type": "->"
        },
        {
            "file": "C:\\laragon\\www\\practice\\vendor\\laravel\\framework\\src\\Illuminate\\Pipeline\\Pipeline.php",
            "line": 219,
            "function": "handle",
            "class": "Illuminate\\Foundation\\Http\\Middleware\\ConvertEmptyStringsToNull",
            "type": "->"
        },
        {
            "file": "C:\\laragon\\www\\practice\\vendor\\laravel\\framework\\src\\Illuminate\\Foundation\\Http\\Middleware\\TransformsRequest.php",
            "line": 21,
            "function": "Illuminate\\Pipeline\\{closure}",
            "class": "Illuminate\\Pipeline\\Pipeline",
            "type": "->"
        },
        {
            "file": "C:\\laragon\\www\\practice\\vendor\\laravel\\framework\\src\\Illuminate\\Foundation\\Http\\Middleware\\TrimStrings.php",
            "line": 51,
            "function": "handle",
            "class": "Illuminate\\Foundation\\Http\\Middleware\\TransformsRequest",
            "type": "->"
        },
        {
            "file": "C:\\laragon\\www\\practice\\vendor\\laravel\\framework\\src\\Illuminate\\Pipeline\\Pipeline.php",
            "line": 219,
            "function": "handle",
            "class": "Illuminate\\Foundation\\Http\\Middleware\\TrimStrings",
            "type": "->"
        },
        {
            "file": "C:\\laragon\\www\\practice\\vendor\\laravel\\framework\\src\\Illuminate\\Http\\Middleware\\ValidatePostSize.php",
            "line": 27,
            "function": "Illuminate\\Pipeline\\{closure}",
            "class": "Illuminate\\Pipeline\\Pipeline",
            "type": "->"
        },
        {
            "file": "C:\\laragon\\www\\practice\\vendor\\laravel\\framework\\src\\Illuminate\\Pipeline\\Pipeline.php",
            "line": 219,
            "function": "handle",
            "class": "Illuminate\\Http\\Middleware\\ValidatePostSize",
            "type": "->"
        },
        {
            "file": "C:\\laragon\\www\\practice\\vendor\\laravel\\framework\\src\\Illuminate\\Foundation\\Http\\Middleware\\PreventRequestsDuringMaintenance.php",
            "line": 109,
            "function": "Illuminate\\Pipeline\\{closure}",
            "class": "Illuminate\\Pipeline\\Pipeline",
            "type": "->"
        },
        {
            "file": "C:\\laragon\\www\\practice\\vendor\\laravel\\framework\\src\\Illuminate\\Pipeline\\Pipeline.php",
            "line": 219,
            "function": "handle",
            "class": "Illuminate\\Foundation\\Http\\Middleware\\PreventRequestsDuringMaintenance",
            "type": "->"
        },
        {
            "file": "C:\\laragon\\www\\practice\\vendor\\laravel\\framework\\src\\Illuminate\\Http\\Middleware\\HandleCors.php",
            "line": 74,
            "function": "Illuminate\\Pipeline\\{closure}",
            "class": "Illuminate\\Pipeline\\Pipeline",
            "type": "->"
        },
        {
            "file": "C:\\laragon\\www\\practice\\vendor\\laravel\\framework\\src\\Illuminate\\Pipeline\\Pipeline.php",
            "line": 219,
            "function": "handle",
            "class": "Illuminate\\Http\\Middleware\\HandleCors",
            "type": "->"
        },
        {
            "file": "C:\\laragon\\www\\practice\\vendor\\laravel\\framework\\src\\Illuminate\\Http\\Middleware\\TrustProxies.php",
            "line": 58,
            "function": "Illuminate\\Pipeline\\{closure}",
            "class": "Illuminate\\Pipeline\\Pipeline",
            "type": "->"
        },
        {
            "file": "C:\\laragon\\www\\practice\\vendor\\laravel\\framework\\src\\Illuminate\\Pipeline\\Pipeline.php",
            "line": 219,
            "function": "handle",
            "class": "Illuminate\\Http\\Middleware\\TrustProxies",
            "type": "->"
        },
        {
            "file": "C:\\laragon\\www\\practice\\vendor\\laravel\\framework\\src\\Illuminate\\Foundation\\Http\\Middleware\\InvokeDeferredCallbacks.php",
            "line": 22,
            "function": "Illuminate\\Pipeline\\{closure}",
            "class": "Illuminate\\Pipeline\\Pipeline",
            "type": "->"
        },
        {
            "file": "C:\\laragon\\www\\practice\\vendor\\laravel\\framework\\src\\Illuminate\\Pipeline\\Pipeline.php",
            "line": 219,
            "function": "handle",
            "class": "Illuminate\\Foundation\\Http\\Middleware\\InvokeDeferredCallbacks",
            "type": "->"
        },
        {
            "file": "C:\\laragon\\www\\practice\\vendor\\laravel\\framework\\src\\Illuminate\\Http\\Middleware\\ValidatePathEncoding.php",
            "line": 28,
            "function": "Illuminate\\Pipeline\\{closure}",
            "class": "Illuminate\\Pipeline\\Pipeline",
            "type": "->"
        },
        {
            "file": "C:\\laragon\\www\\practice\\vendor\\laravel\\framework\\src\\Illuminate\\Pipeline\\Pipeline.php",
            "line": 219,
            "function": "handle",
            "class": "Illuminate\\Http\\Middleware\\ValidatePathEncoding",
            "type": "->"
        },
        {
            "file": "C:\\laragon\\www\\practice\\vendor\\laravel\\framework\\src\\Illuminate\\Pipeline\\Pipeline.php",
            "line": 137,
            "function": "Illuminate\\Pipeline\\{closure}",
            "class": "Illuminate\\Pipeline\\Pipeline",
            "type": "->"
        },
        {
            "file": "C:\\laragon\\www\\practice\\vendor\\laravel\\framework\\src\\Illuminate\\Foundation\\Http\\Kernel.php",
            "line": 175,
            "function": "then",
            "class": "Illuminate\\Pipeline\\Pipeline",
            "type": "->"
        },
        {
            "file": "C:\\laragon\\www\\practice\\vendor\\laravel\\framework\\src\\Illuminate\\Foundation\\Http\\Kernel.php",
            "line": 144,
            "function": "sendRequestThroughRouter",
            "class": "Illuminate\\Foundation\\Http\\Kernel",
            "type": "->"
        },
        {
            "file": "C:\\laragon\\www\\practice\\vendor\\laravel\\framework\\src\\Illuminate\\Foundation\\Application.php",
            "line": 1220,
            "function": "handle",
            "class": "Illuminate\\Foundation\\Http\\Kernel",
            "type": "->"
        },
        {
            "file": "C:\\laragon\\www\\practice\\public\\index.php",
            "line": 20,
            "function": "handleRequest",
            "class": "Illuminate\\Foundation\\Application",
            "type": "->"
        },
        {
            "file": "C:\\laragon\\www\\practice\\vendor\\laravel\\framework\\src\\Illuminate\\Foundation\\resources\\server.php",
            "line": 23,
            "function": "require_once"
        }
    ]
}
2026-07-23 16:40:42,917 ============================================================
